frame,time_s,track_id,class_name,world_x,world_y,occluded,lane,headway_m,lead_track_id,speed_mps
900,89.99991,1,truck,-313.78809680691444,5.4335600879943255,False,1.0,,,
900,89.99991,2,truck,-343.15278438416385,3.7981345370274933,False,0.0,8.739929987359915,3,
900,89.99991,3,truck,-334.41285439680394,3.94321146277899,False,0.0,,,2.5124814346617494
901,90.0999099,3,truck,-334.1616065045859,3.939008726221948,False,0.0,,,3.151504399181931
902,90.1999098,3,truck,-333.8180929142306,3.940850048969816,False,0.0,,,3.620259906399042
903,90.2999097,3,truck,-333.4749155193638,3.940020574853215,False,0.0,,,3.641480583714838
904,90.3999096,3,truck,-333.04530140135813,3.947782333244922,False,0.0,,,3.8691313780500423
905,90.4999095,3,truck,-332.6878598972517,3.9368153129709995,False,0.0,,,4.00436021630594
906,90.5999094,3,truck,-332.24512406190325,3.933788660898218,False,0.0,,,4.0578754455364106
907,90.6999093,3,truck,-331.8654478479948,3.920909835588004,False,0.0,,,4.085908457849882
908,90.7999092,3,truck,-331.42320437365424,3.9355938753061226,False,0.0,,,4.160637829543475
909,90.8999091,3,truck,-331.03914115940654,3.959945659133965,False,1.0,11.915672954272509,10,4.235394646209443
910,90.999909,3,truck,-330.6081157672619,3.9608765551028324,False,1.0,12.849373276566439,10,4.270862664194283
911,91.09990889999999,3,truck,-330.16423452298756,3.960018469602642,False,1.0,13.84183768367609,10,4.349647046305563
912,91.19990879999999,3,truck,-329.71094697609567,3.953101173038575,False,0.0,,,4.4412718512069205
913,91.29990869999999,3,truck,-329.306846852222,3.9553961820609524,False,1.0,15.809432200489084,10,9.285876830400184
914,91.39990859999999,3,truck,-328.80585598418025,3.9756350487056316,False,1.0,16.779086637561818,10,14.315040711336223
915,91.49990849999999,3,bus,-328.40013353255307,3.9781250418594896,False,1.0,17.910627217182764,10,13.29413031718991
925,92.49990749999999,3,truck,-323.0863492131731,3.977146753823719,False,1.0,,,13.935918645262518
926,92.59990739999999,3,truck,-322.47380588961437,3.9731223699219975,False,1.0,,,15.337623895125034
927,92.69990729999999,3,truck,-321.84451923204756,3.978933753243532,False,1.0,,,10.801303808473676
928,92.79990719999999,3,truck,-321.2157316702428,3.988137632320471,False,1.0,,,6.166322939827978
929,92.8999071,3,truck,-320.65264928898944,3.997503568927376,False,1.0,,,6.225988572732831
930,92.999907,3,truck,-320.0325404495672,3.9855320719765697,False,1.0,,,6.2883581442022205
931,93.0999069,3,truck,-319.3612978797151,3.9867985157943373,False,1.0,,,6.455046959308447
932,93.1999068,3,truck,-318.7310448952023,3.9877500423611987,False,1.0,,,6.607119781838719
933,93.2999067,3,truck,-318.04085415124405,3.984122734245842,False,1.0,,,6.726691581962314
934,93.3999066,3,truck,-317.37248630372676,3.9891547566451147,False,1.0,,,6.984306722769134
935,93.4999065,3,truck,-316.7055902601111,3.980702690248816,False,1.0,,,7.181111367441645
936,93.5999064,3,truck,-315.9615632139006,3.9721062181160103,False,1.0,,,7.194430267644293
937,93.6999063,3,truck,-315.1464798225544,3.967452664619912,False,1.0,,,7.355312192891915
938,93.7999062,3,truck,-314.4443150375615,3.973761297737911,False,1.0,,,7.159546116891988
939,93.8999061,3,truck,-313.7746023441954,3.9802048137782187,False,1.0,,,7.534290424250457
940,93.999906,3,truck,-312.94816938206293,3.9905541873019836,False,1.0,,,8.264337885662442
900,89.99991,4,truck,-359.14794659463524,6.330993144063541,False,1.0,18.63953832612947,13,5.611915732061185
901,90.0999099,4,truck,-358.5867555826207,6.3509491100243,False,1.0,30.004687855331042,10,6.648187378258854
902,90.1999098,4,truck,-357.9156004886263,6.388816554321694,False,1.0,30.331704731936213,10,7.5274975530278425
903,90.2999097,4,truck,-357.118414445785,6.4174206828130185,False,1.0,30.75003740937865,10,7.622625594424562
904,90.3999096,4,truck,-356.32283513143733,6.451577935663341,False,1.0,31.17016496193878,10,7.985385376877275
905,90.4999095,4,truck,-355.46268223910374,6.484387578883134,False,1.0,31.423576411228055,10,8.139829709835112
906,90.5999094,4,truck,-354.64940196635337,6.514050700544002,False,1.0,31.813605210962578,10,8.271291031207056
907,90.6999093,4,truck,-353.8675767134014,6.560764073231872,False,1.0,32.28332503535023,10,8.38874770428356
908,90.7999092,4,truck,-353.02661665100453,6.590272410911734,False,1.0,32.636708392867035,10,8.550452597158937
909,90.8999091,4,truck,-352.143350166302,6.63956403968109,False,1.0,21.104209006895474,3,8.83408072441489
910,90.999909,4,truck,-351.2534278887031,6.657450363335667,False,1.0,20.64531212144118,3,10.143593371471297
911,91.09990889999999,4,truck,-350.3082122700479,6.713043300916616,False,1.0,20.14397774706032,3,11.344552475109822
912,91.19990879999999,4,truck,-349.37469451937267,6.768723512654158,False,1.0,34.47743351331917,10,9.559781140498899
914,91.39990859999999,4,truck,-347.375915617156,6.898149701259603,False,1.0,18.570059632975756,3,10.070205374745
915,91.49990849999999,4,truck,-346.4495100695942,6.887339795657069,False,1.0,18.049376537041155,3,12.384315202109065
916,91.59990839999999,4,truck,-345.3494735333813,6.927152635307668,False,1.0,36.297280160680884,10,11.715698188732404
917,91.69990829999999,4,truck,-344.23155438047354,6.96274573250758,False,1.0,36.74563400212833,10,11.035016464820728
918,91.79990819999999,4,truck,-343.0670495911531,7.013501006319148,False,1.0,,,11.35095544958267
919,91.89990809999999,4,truck,-341.9678740723411,7.065051594624437,False,1.0,,,12.847412525710297
920,91.99990799999999,4,truck,-340.8225461846049,7.115544116526792,False,1.0,,,14.365166465587208
921,92.09990789999999,4,truck,-339.6254933197438,7.160667241775234,False,1.0,,,12.141723670515148
923,92.29990769999999,4,truck,-337.1081349158135,7.242198419260613,False,1.0,,,12.660025181084166
924,92.39990759999999,4,truck,-335.82531695539234,7.308127890793734,False,1.0,,,15.430868105351465
925,92.49990749999999,4,truck,-334.5096700290097,7.384511045493365,False,1.0,11.423320815836632,3,14.483053941685512
926,92.59990739999999,4,truck,-333.1920878046439,7.422169972688371,False,2.0,,,13.626471045309472
927,92.69990729999999,4,truck,-331.82509902522133,7.457320541231959,False,2.0,,,14.043359301797182
928,92.79990719999999,4,truck,-330.42548975170394,7.522863783797905,False,2.0,,,14.362891182141084
929,92.8999071,4,truck,-328.88150470066324,7.621214397782106,False,2.0,,,14.817007741202588
930,92.999907,4,truck,-327.41013702530074,7.672950931864864,False,2.0,,,15.375431212311923
931,93.0999069,4,truck,-325.9287439891031,7.739248085845381,False,2.0,,,15.781294532657057
932,93.1999068,4,truck,-324.2714499165675,7.812274196838354,False,2.0,,,16.296892352419263
933,93.2999067,4,truck,-322.60372302347713,7.882308814149005,False,2.0,,,16.919134192138017
934,93.3999066,4,truck,-320.92199267752767,7.948432750356371,False,2.0,,,17.46582649835159
935,93.4999065,4,truck,-319.0727729929093,8.02733375058927,False,2.0,,,18.11853070934444
936,93.5999064,4,truck,-317.34699074849044,8.106914739532657,False,2.0,,,18.907090354889533
937,93.6999063,4,truck,-315.38739412465486,8.17631582526158,False,2.0,,,19.536461353513914
938,93.7999062,4,truck,-313.3692662245761,8.273491170408738,False,2.0,,,20.178932155043867
939,93.8999061,4,truck,-311.24937802862974,8.369644932148,False,2.0,,,20.517266344598738
940,93.999906,4,truck,-309.20894582475466,8.465841925928073,False,2.0,,,20.404342443093096
900,89.99991,5,bus,-346.14354087205976,8.217746473787637,False,2.0,16.657974153744476,9,11.258107290546347
901,90.0999099,5,bus,-345.01773126881585,8.266637887170187,False,2.0,16.705749329379046,9,12.12590064806318
902,90.1999098,5,bus,-343.7937913072971,8.389775119861072,False,2.0,16.787367202937162,9,12.874130112855028
903,90.2999097,5,bus,-342.5042550969087,8.45825949454394,False,2.0,17.399489599643005,9,13.086856930201748
904,90.3999096,5,bus,-341.1324972930549,8.50959402692499,False,2.0,17.60459540846705,9,13.622672902211207
905,90.4999095,5,bus,-339.7662641392777,8.591040556425167,False,2.0,17.857164594668973,9,14.091338432414432
906,90.5999094,5,bus,-338.30816415825257,8.688205576854429,False,2.0,18.2038781118286,9,14.45005104101665
907,90.6999093,5,bus,-336.8806991383221,8.762560894800208,False,2.0,18.3333282862248,9,14.754130989579608
908,90.7999092,5,bus,-335.32602292480806,8.866863365570516,False,2.0,,,15.179943446229572
909,90.8999091,5,truck,-333.86069287418985,8.961722024411717,False,2.0,,,15.6495712110991
910,90.999909,5,bus,-332.28395232269395,9.055113074748615,False,2.0,,,16.082371538145253
911,91.09990889999999,5,bus,-330.6105477085499,9.138199648953018,False,2.0,,,16.603854003522656
912,91.19990879999999,5,bus,-328.9287600264971,9.231164346834392,False,2.0,,,17.246008921592193
913,91.29990869999999,5,bus,-327.19560658086095,9.354499929744579,False,2.0,,,19.810783421495216
914,91.39990859999999,5,truck,-325.3872718184699,9.449005667481522,False,2.0,,,22.45243254236584
915,91.49990849999999,5,bus,-323.51138170283014,9.559178449985515,False,2.0,,,19.182435807000957
917,91.69990829999999,5,truck,-319.57235471770167,9.785131510434447,False,2.0,,,20.376830404787142
918,91.79990819999999,5,bus,-317.5145429274122,9.869815165068763,False,2.0,,,25.00176128520161
919,91.89990809999999,5,truck,-315.30522510350363,10.003099482193964,False,2.0,,,23.889597512034698
920,91.99990799999999,5,bus,-313.0772596668416,10.141119499175852,False,2.0,,,22.786152881088356
921,92.09990789999999,5,bus,-310.8196575710181,10.260318756829665,False,2.0,,,23.21868757915763
922,92.19990779999999,5,bus,-308.3745052270764,10.410602398441295,False,2.0,,,23.87162214765476
923,92.29990769999999,5,bus,-305.9262623231018,10.576903440858242,False,2.0,,,24.4824535221992
900,89.99991,6,truck,-350.07325218314065,3.865346857850428,False,0.0,6.9204677989768015,2,1.364004563427101
901,90.0999099,6,truck,-349.9368518631984,3.8785993569934187,False,0.0,15.775245358612494,3,1.364004563427101
900,89.99991,7,bus,-353.9369786537504,7.775893891192491,False,2.0,7.7934377816906135,5,
900,89.99991,8,truck,-302.05052120790486,10.833452689792779,False,3.0,,,
900,89.99991,9,truck,-329.4855667183153,7.817547103674254,False,2.0,,,11.735859524644276
901,90.0999099,9,truck,-328.3119819394368,7.870626036860567,False,2.0,,,13.991207438818016
902,90.1999098,9,truck,-327.00642410435995,7.916656346131927,False,2.0,,,15.699752426677085
903,90.2999097,9,truck,-325.1047654972657,7.96614800173486,False,2.0,,,15.78417885089807
904,90.3999096,9,truck,-323.52790188458783,7.982117810050235,False,2.0,,,16.666765812041387
905,90.4999095,9,truck,-321.90909954460875,8.135476552354312,False,2.0,,,17.131063976190653
906,90.5999094,9,truck,-320.10428604642397,8.142328642895844,False,2.0,,,16.45658602108325
907,90.6999093,9,truck,-318.5473708520973,8.193277838631593,False,2.0,,,15.569167512434248
900,89.99991,10,car,-329.4744160072799,6.39619575704527,True,1.0,15.68631920036546,1,8.923491723394145
901,90.0999099,10,car,-328.58206772728965,6.4351689150339135,False,1.0,,,10.2106635498983
902,90.1999098,10,car,-327.5838957566901,6.453437579933552,False,1.0,,,11.184233302921257
903,90.2999097,10,car,-326.36837703640634,6.492509006045565,False,1.0,,,11.181592332895661
904,90.3999096,10,truck,-325.15267016949855,6.529003326522169,False,1.0,,,11.745926796464346
905,90.4999095,10,truck,-324.0391058278757,6.554881001774644,False,1.0,,,11.978124835032531
906,90.5999094,10,truck,-322.8357967553908,6.579948035181819,False,1.0,,,12.007682750316008
907,90.6999093,10,truck,-321.58425167805115,6.616593574595784,False,1.0,,,12.30957761112245
908,90.7999092,10,truck,-320.3899082581375,6.64584277527922,False,1.0,,,12.793776047035863
909,90.8999091,10,truck,-319.12346820513403,6.6841698434185775,False,1.0,,,13.200403788480799
910,90.999909,10,truck,-317.75874249069545,6.740750560360301,False,1.0,,,13.57949785790106
911,91.09990889999999,10,car,-316.32239683931147,6.792235114842215,False,1.0,,,13.98920645412727
912,91.19990879999999,10,truck,-314.8972610060535,6.83109414273486,False,1.0,,,14.365949399790452
913,91.29990869999999,10,car,-313.4974146517329,6.845900920421517,False,1.0,,,14.53945418139051
914,91.39990859999999,10,truck,-312.02676934661844,6.915492365228605,False,1.0,,,14.681558775877875
915,91.49990849999999,10,truck,-310.4895063153703,6.963642027381082,False,1.0,,,14.70219253116602
916,91.59990839999999,10,truck,-309.0521933727004,6.9869961824978715,False,1.0,,,15.122217295258679
917,91.69990829999999,10,truck,-307.4859203783452,7.046201350916985,False,1.0,,,15.662745606297447
900,89.99991,11,truck,-329.53750196604364,6.374068789742524,False,1.0,0.06308595876373602,10,
900,89.99991,12,truck,-362.06598197426234,7.501612121798058,False,2.0,8.12900332051197,7,
900,89.99991,13,truck,-340.5084082685058,6.134477708094131,False,1.0,10.97090630246214,11,
910,90.999909,27,car,-374.43935207718675,23.26670401484072,False,,,,
940,93.999906,92,truck,-330.18392241914233,3.901061078655053,False,0.0,,,4.180990106375794
941,94.0999059,92,truck,-329.76582382660376,3.893789510975347,False,0.0,,,4.180990106375794
959,95.8999041,141,car,-333.35776645536544,4.028526727978438,False,1.0,,,3.7954035285454677
960,95.999904,141,truck,-332.97822648205124,4.0390438618715985,False,1.0,,,4.462983249784429
961,96.0999039,141,car,-332.44418290088544,4.037470687266681,False,1.0,,,4.778029696067279
962,96.1999038,141,car,-331.9910834658721,4.047823408639941,False,1.0,,,4.5769317023027725
963,96.2999037,141,car,-331.5545941858517,4.033934370688741,False,1.0,,,4.690427809552602
964,96.3999036,141,car,-331.1450204575578,4.054875218560068,False,1.0,,,4.651397150228604
965,96.4999035,141,car,-330.61404535448787,4.048213205583078,False,1.0,,,4.741128295256885
966,96.59990339999999,141,car,-330.1179409093239,4.072172245380512,False,1.0,,,4.969134763226521
967,96.69990329999999,141,truck,-329.66593295860196,4.067375405182367,False,1.0,,,5.127838477445039
968,96.79990319999999,141,car,-329.13862113899324,4.075337920040951,False,1.0,,,5.221627215056969
969,96.89990309999999,141,car,-328.5918637103248,4.0615639665166885,False,1.0,,,5.390236531795608
970,96.99990299999999,141,car,-328.03936875211474,4.0763079645196125,False,1.0,,,5.476844752381339
971,97.09990289999999,141,car,-327.4709955182675,4.0540259507955,False,1.0,,,5.577012705965672
972,97.19990279999999,141,truck,-326.9226472080991,4.040026101607106,False,1.0,,,5.767676727180515
973,97.29990269999999,141,truck,-326.4050676139596,4.067982496930515,False,1.0,,,5.905701717824513
974,97.39990259999999,141,car,-325.7484101064054,4.091669766966138,False,1.0,,,6.021774808179316
975,97.49990249999999,141,car,-325.1151513965306,4.105933222134298,False,1.0,,,6.284290625904987
976,97.59990239999999,141,truck,-324.4895170617288,4.064159931922805,False,1.0,,,6.463367350765566
977,97.69990229999999,141,car,-323.88235687823305,4.073516512555687,False,1.0,,,6.490024665119336
978,97.79990219999999,141,truck,-323.16107360221133,4.0640476118435345,False,1.0,,,6.6155477757345125
979,97.89990209999999,141,truck,-322.52904323075506,4.0766973675432405,False,1.0,,,6.7535741353726735
980,97.99990199999999,141,car,-321.84450009708627,4.086331162408311,False,1.0,,,6.920566309965125
981,98.09990189999999,141,car,-321.14462720098686,4.091490438023194,False,1.0,,,6.784533486866167
982,98.19990179999999,141,car,-320.47367935717665,4.109540583461361,False,1.0,,,7.395090345620019
983,98.29990169999999,141,car,-319.6491917338688,4.140890745883976,False,1.0,,,8.244884477962914
981,98.09990189999999,233,car,-331.36879473976927,3.998369698745404,False,1.0,10.22416753878241,141,4.687685897947189
982,98.19990179999999,233,bus,-330.90002661874314,3.998515095095258,False,1.0,10.426347261566491,141,7.658454173540122
983,98.29990169999999,233,bus,-330.3282594761466,4.018380460332165,False,1.0,10.679067742277823,141,8.638931937660914
986,98.5999014,233,car,-328.6519567155155,4.024993915751915,False,1.0,,,6.797305716661413
987,98.6999013,233,car,-327.93648963358567,4.013457931338535,False,1.0,,,8.122683335016973
988,98.7999012,233,car,-327.36670813699226,4.017399175847608,False,1.0,,,7.0876073074985015
989,98.8999011,233,car,-326.8131702950371,4.034713819930404,False,1.0,,,6.009395874358688
990,98.999901,233,car,-326.2924405875191,4.014729008486933,False,1.0,,,7.3706098115169425
991,99.0999009,233,car,-325.60017538425177,4.040413495263042,False,1.0,,,9.095959465157648
992,99.1999008,233,car,-324.9788810998864,4.027561554510934,False,1.0,,,7.833369863102064
995,99.4999005,233,car,-322.95371422978417,4.040625516443096,False,1.0,,,8.178256293291724
996,99.5999004,233,truck,-322.1302138330468,4.042157831378153,False,1.0,,,9.938412760021947
997,99.6999003,233,truck,-321.4388765670398,4.0432296002801404,False,1.0,,,8.874580671096965
998,99.7999002,233,car,-320.68729486539246,4.059016558116435,False,1.0,,,11.148609459746012
999,99.8999001,233,bus,-319.9533587971365,4.068682529747622,False,1.0,,,7.791092909637655
1000,99.9999,233,bus,-319.10466473601775,4.078125915927033,False,1.0,,,2.243895985966617
1005,100.4998995,233,car,-314.83066501567663,4.079716091140072,False,1.0,,,8.548007988690214
1034,103.39989659999999,540,truck,-347.68249953510275,5.916231926598693,False,1.0,,,8.254777841985241
1035,103.49989649999999,540,truck,-346.857022576382,5.942831095377185,False,1.0,,,8.567427966821242
1036,103.59989639999999,540,truck,-345.96995137430855,5.970866737554128,False,1.0,,,8.746316789179446
1037,103.69989629999999,540,truck,-345.12164773740034,5.993859099189257,False,1.0,,,8.689167380100798
1038,103.79989619999999,540,truck,-344.2139570529266,6.035546678789166,False,1.0,,,8.631817400681257
1039,103.89989609999999,540,truck,-343.37622609803,6.064360205509229,False,1.0,,,8.595525324355094
1040,103.99989599999999,540,truck,-342.47413732252176,6.092772105322388,False,1.0,7.96476618474054,597,8.955398583131
1041,104.09989589999999,540,truck,-341.721027859305,6.128301092953685,False,1.0,,,9.182208241249555
1042,104.1998958,540,truck,-340.77505452357383,6.1601787667862915,False,1.0,,,9.283860234876556
1043,104.2998957,540,truck,-339.6051606390201,6.174635050645834,False,1.0,,,9.843434263925474
1044,104.3998956,540,truck,-338.8028234528952,6.209530104824861,False,1.0,,,10.205326336658345
1045,104.4998955,540,truck,-337.7636890166405,6.230846298539277,False,1.0,,,10.11163011269582
1046,104.5998954,540,truck,-336.58805174469506,6.265369528854091,False,1.0,10.547029979111073,637,10.31978729239836
1047,104.6998953,540,truck,-335.70271450685175,6.29783334976428,False,1.0,10.729354029608658,637,10.639176036651406
1048,104.7998952,540,truck,-334.5658806546766,6.331573881733144,False,1.0,,,10.723966117952614
1049,104.8998951,540,truck,-333.5223264646278,6.365789842568275,False,1.0,10.471931225526987,637,10.998763380064247
1050,104.999895,540,truck,-332.4050206074328,6.406825541655942,False,1.0,10.37016577177252,637,11.442820438489662
1051,105.0998949,540,truck,-331.222764759916,6.439940798903575,False,1.0,10.215527660265309,637,11.728022222948766
1052,105.1998948,540,truck,-330.0692491103292,6.476219617955912,False,1.0,10.083779094427257,637,11.99764101204687
1053,105.2998947,540,truck,-328.7565370555297,6.529652630426112,False,1.0,9.421611132291275,684,12.391755606704237
1054,105.3998946,540,truck,-327.60365956884834,6.5648527670739645,False,1.0,9.493488008785732,684,12.876152164333917
1055,105.4998945,540,truck,-326.32605848880655,6.580483143739441,False,1.0,9.579390340045961,637,13.057253999980048
1056,105.5998944,540,truck,-324.9099836635933,6.657011427449273,False,1.0,9.965549446449813,684,13.318255817662248
1057,105.6998943,540,truck,-323.50589091847024,6.67671075529512,False,1.0,10.233420433860374,684,13.840775598398977
1058,105.7998942,540,truck,-322.262654304663,6.7243650835750595,False,1.0,10.37881477075598,684,14.270298853127088
1059,105.8998941,540,truck,-320.77929982030844,6.767925854154941,False,1.0,,,14.665162836654872
1060,105.999894,540,truck,-319.309656479723,6.799169774075556,False,1.0,10.805149506961186,684,15.063436271933142
1061,106.0998939,540,truck,-317.65610108984856,6.842262649050108,False,1.0,10.910890156847017,684,15.660790627614688
1062,106.1998938,540,truck,-316.0946253207229,6.897461511317058,False,1.0,11.204638098550504,684,16.247391086710877
1063,106.2998937,540,truck,-314.6104986939135,6.953303704335009,False,1.0,11.548786573294421,684,18.41727468291424
1064,106.3998936,540,truck,-312.77068046423375,6.995419705015863,False,1.0,7.375867161015094,637,20.4620144717519
1065,106.4998935,540,truck,-311.0709009964778,7.026691484861653,False,1.0,7.012150499414133,637,17.258144159576545
1067,106.6998933,540,truck,-307.47760030745434,7.114988197122943,False,1.0,,,19.606481262970647
1068,106.7998932,540,truck,-305.81113209337974,7.152624337355571,False,1.0,,,21.2499715155609
1069,106.8998931,540,truck,-303.9700908989891,7.218841248573641,False,1.0,,,18.410430354336718
1036,103.59989639999999,558,truck,-361.9158015444393,5.332724895261033,False,1.0,15.945850170130768,540,5.674737017042111
1037,103.69989629999999,558,truck,-361.3483284102088,5.357459001955331,False,1.0,16.22668067280847,540,5.865130724289884
1038,103.79989619999999,558,truck,-360.7467675294455,5.377422486712415,False,1.0,16.532810476518875,540,5.950843173166959
1039,103.89989609999999,558,truck,-360.1518544553237,5.382745815664889,False,1.0,16.775628357293726,540,5.911047562879048
1040,103.99989599999999,558,truck,-359.55113092361995,5.385430804409068,False,1.0,17.076993601098195,540,6.04819753049901
1041,104.09989589999999,558,truck,-358.99272351012195,5.420796468191289,False,1.0,17.271695650816923,540,6.089755915875912
1042,104.1998958,558,truck,-358.3603647926945,5.43487984538863,False,1.0,17.58531026912067,540,6.067113841027549
1043,104.2998957,558,truck,-357.6865396646587,5.409884430526724,False,1.0,18.081379025638626,540,6.1879124320144
1044,104.3998956,558,truck,-357.12233249399065,5.450120014819822,False,1.0,18.319509041095444,540,6.363748926071821
1045,104.4998955,558,truck,-356.5135451110391,5.49146098040151,False,1.0,8.490878252536618,633,6.422232250901061
1046,104.5998954,558,truck,-355.8424030786008,5.507018502579308,False,1.0,19.25435133390573,540,6.5157689037930595
1047,104.6998953,558,truck,-355.14694266189287,5.4851521428416135,False,1.0,19.444228155041117,540,6.725583488166194
1048,104.7998952,558,truck,-354.47773596679156,5.522573130598617,False,1.0,19.911855312114938,540,6.884966672477958
1049,104.8998951,558,truck,-353.8153738038338,5.549116470156982,False,1.0,20.293047339205998,540,6.919322179979417
1050,104.999895,558,truck,-353.09492703861326,5.556597278542437,False,1.0,20.689906431180475,540,6.992999351193475
1051,105.0998949,558,truck,-352.3760613635149,5.556362465077711,False,1.0,21.153296603598903,540,7.245649251183977
1052,105.1998948,558,truck,-351.6939691163213,5.596572820069997,False,1.0,21.62472000599206,540,7.428023656940923
1053,105.2998947,558,truck,-350.93771715416904,5.622559389291347,False,1.0,22.181180098639345,540,7.582095206786562
1054,105.3998946,558,truck,-350.10975061092176,5.606410335353019,False,1.0,22.50609104207342,540,7.834450619304107
1055,105.4998945,558,truck,-349.37253400260806,5.620767274878291,False,1.0,23.04647551380151,540,7.999558518272352
1056,105.5998944,558,truck,-348.5163667748286,5.648162648366183,False,1.0,23.60638311123529,540,8.160603396631586
1057,105.6998943,558,truck,-347.71922092015416,5.7035671708376965,False,1.0,24.213330001683914,540,8.386027157843728
1058,105.7998942,558,truck,-346.91291483162234,5.721381109132269,False,1.0,24.650260526959357,540,8.540886305636377
1059,105.8998941,558,truck,-345.9739576974403,5.754101010428134,False,1.0,25.194657877131874,540,8.648572219322432
1060,105.999894,558,truck,-345.1223081442729,5.752187414985795,False,1.0,25.81265166454989,540,8.862248426955603
1061,106.0998939,558,truck,-344.2257148684136,5.763076935401424,False,1.0,26.569613778565042,540,9.061048003895849
1062,106.1998938,558,truck,-343.36130925581904,5.812772568281812,False,1.0,27.266683935096125,540,9.221835540019583
1063,106.2998937,558,truck,-342.4085869312503,5.818130886070663,False,1.0,27.7980882373368,540,9.312968303445132
1064,106.3998936,558,truck,-341.41724665496434,5.831879749978426,False,1.0,28.646566190730596,540,9.452614386337245
1065,106.4998935,558,truck,-340.4571928685648,5.854828781112437,False,1.0,29.386291872086986,540,9.667307762130804
1066,106.5998934,558,truck,-339.57787115364494,5.90275288420007,False,1.0,,,9.762709718928363
1067,106.6998933,558,truck,-338.5565480368648,5.958015961093644,False,1.0,31.07894772941046,540,9.933985364923046
1068,106.7998932,558,truck,-337.5460500553816,5.991498529123709,False,1.0,31.734917962001873,540,10.161676293821529
1069,106.8998931,558,truck,-336.5170835746142,6.025346688553068,False,1.0,32.54699267562512,540,10.424655217373584
1070,106.999893,558,truck,-335.4233805179771,6.061571354022198,False,1.0,,,10.743933992749362
1071,107.0998929,558,truck,-334.4500173720873,6.1047077051572005,False,1.0,,,11.055633019098423
1072,107.1998928,558,truck,-333.25975702570395,6.1221629251498655,False,1.0,,,11.328322301319304
1073,107.2998927,558,truck,-332.09891781772745,6.170768488789529,False,1.0,,,11.66067388816873
1074,107.3998926,558,truck,-330.90859384880304,6.201164601286082,False,1.0,,,12.023623357205452
1075,107.4998925,558,truck,-329.7035592707912,6.222960348509788,False,1.0,,,12.340948461615426
1076,107.5998924,558,truck,-328.5091763917782,6.240404466443035,False,1.0,,,12.72814649907582
1077,107.69989229999999,558,truck,-327.1769866724309,6.285836488281367,False,1.0,,,13.087866742562255
1078,107.79989219999999,558,truck,-325.84075205033355,6.359152106669241,False,1.0,,,13.461873441447779
1079,107.89989209999999,558,truck,-324.43862584526863,6.378037474388075,False,1.0,,,13.831430325736392
1080,107.99989199999999,558,truck,-323.0856736196309,6.446684353247769,False,1.0,,,14.106159168400836
1081,108.09989189999999,558,truck,-321.665202063364,6.518311616990539,False,1.0,,,14.48763826893196
1082,108.19989179999999,558,truck,-320.1895445065392,6.570725543434435,False,1.0,,,14.970005769667978
1083,108.29989169999999,558,truck,-318.7220491539838,6.6262929614111234,False,1.0,,,15.457150236810548
1084,108.39989159999999,558,truck,-317.0697049603245,6.6876727869349715,False,1.0,,,15.795846080812908
1085,108.49989149999999,558,truck,-315.4846037049124,6.709665306682069,False,1.0,,,16.175515382256663
1086,108.59989139999999,558,truck,-313.80913719842204,6.735338705697987,False,1.0,,,16.628164444834965
1087,108.69989129999999,558,truck,-312.2497790865149,6.803454529354523,False,1.0,,,17.04068045503618
1088,108.79989119999999,558,truck,-310.4863153672669,6.857276256135625,False,1.0,,,17.570230783380566
1089,108.89989109999999,558,truck,-308.67729093037053,6.896965736601896,False,1.0,,,18.287979448208034
1090,108.99989099999999,558,truck,-306.8363543205107,6.974321941559617,False,1.0,,,18.581965655193244
1091,109.09989089999999,558,truck,-304.88717336967375,7.036669981903668,False,1.0,,,17.395108858423782
1092,109.19989079999999,558,truck,-302.88378175503465,7.086348473600188,False,1.0,,,18.203156076667256
1093,109.29989069999999,558,truck,-301.2703656255196,7.152054163233359,False,1.0,,,13.885092120619447
1094,109.39989059999999,558,truck,-300.49814920880283,7.187670792463916,False,1.0,,,7.722171889339745
1040,103.99989599999999,597,truck,-334.5093711377812,4.9267587861492705,False,1.0,,,
1045,104.4998955,633,truck,-348.0226668585025,6.992181579280698,False,1.0,10.258977841861963,540,
1045,104.4998955,637,truck,-326.8937669274719,3.9283932892985916,False,0.0,,,8.527460146339365
1046,104.5998954,637,car,-326.041021765584,3.9840309969028573,False,1.0,,,9.495598362544342
1047,104.6998953,637,truck,-324.9733604772431,3.963425891056097,False,1.0,,,10.090785240103287
1048,104.7998952,637,car,-324.0147013610136,3.943868185320138,False,0.0,,,9.8927066504516
1049,104.8998951,637,truck,-323.0503952391008,3.963260738565608,False,1.0,,,10.021685148959477
1050,104.999895,637,truck,-322.03485483566027,3.995539153790699,False,1.0,,,10.07247061141561
1051,105.0998949,637,truck,-321.0072370996507,4.001561661109409,False,1.0,,,10.280598030807823
1052,105.1998948,637,truck,-319.98547001590197,4.01517490806402,False,1.0,,,10.484214843720338
1053,105.2998947,637,truck,-318.93013128340965,4.021957542264959,False,1.0,,,20.9006313839634
1054,105.3998946,637,truck,-317.85437756649475,4.016099232435696,False,1.0,,,31.53917485444549
1055,105.4998945,637,truck,-316.7466681487606,4.030288746818489,False,1.0,0.22184269121243005,684,29.468361808556715
1064,106.3998936,637,truck,-305.39481330321865,4.126080241366344,False,1.0,3.044129382298024,684,12.824815286495323
1065,106.4998935,637,truck,-304.05875049706367,4.082937552588717,False,1.0,,,13.360641422191234
1052,105.1998948,679,truck,-360.1192111132309,4.549798277959791,False,1.0,8.42524199690962,558,4.579175835112495
1053,105.2998947,679,truck,-359.66129398763724,4.5725227070273915,False,1.0,8.7235768334682,558,5.577993963862355
1054,105.3998946,679,truck,-359.0313209327416,4.5717632516844775,False,1.0,8.921570321819843,558,6.335380184453697
1055,105.4998945,679,truck,-358.4063185721275,4.602134612315049,False,1.0,9.033784569519412,558,6.231526368844243
1056,105.5998944,679,truck,-357.7999225745489,4.602776086573301,False,1.0,9.283555799720261,558,6.372100611667975
1057,105.6998943,679,truck,-357.07224002205754,4.589693831424999,False,1.0,9.353019101903385,558,6.460685147309732
1058,105.7998942,679,truck,-356.47674494149277,4.60585961218163,False,1.0,9.563830109870423,558,6.59001965739526
1059,105.8998941,679,truck,-355.84377573931886,4.629320886387712,False,1.0,9.869818041878546,558,6.610931872710353
1060,105.999894,679,truck,-355.1331850789253,4.62450488798732,False,1.0,10.010876934652401,558,6.727859308729194
1061,106.0998939,679,truck,-354.48304300037506,4.658382669735126,False,1.0,10.257328131961458,558,6.974982384175291
1062,106.1998938,679,truck,-353.778194334453,4.661779327409549,False,1.0,10.416885078633982,558,12.929897594095792
1063,106.2998937,679,truck,-353.04293804822737,4.674852815012704,False,1.0,10.634351116977086,558,18.9754229767575
1064,106.3998936,679,truck,-352.3026072233913,4.69748140499937,False,1.0,10.885360568426961,558,17.31495055694716
1072,107.1998928,679,truck,-345.7444689306547,4.7437672628425505,False,1.0,12.484711904950757,558,17.988024454788047
1073,107.2998927,679,truck,-344.89635514731094,4.765301455281117,False,1.0,12.797437329583488,558,20.080399330852288
1074,107.3998926,679,truck,-343.98862021868194,4.801687602077016,False,1.0,13.080026369878908,558,16.622731893384298
1075,107.4998925,679,truck,-343.07764650623176,4.823822445544542,False,1.0,13.374087235440584,558,13.080993724995778
1076,107.5998924,679,truck,-342.18751951493374,4.861366844531548,False,1.0,13.678343123155514,558,10.982349538145456
1079,107.89989209999999,679,truck,-339.23684136845947,4.857835144028797,False,1.0,14.798215523190834,558,11.546340402767783
1080,107.99989199999999,679,truck,-338.32300206550434,4.892585934081908,False,1.0,15.237328445873459,558,14.145718819213016
1081,108.09989189999999,679,truck,-337.2547666201668,4.953052359147204,False,1.0,15.58956455680277,558,17.09294790851618
1082,108.19989179999999,679,truck,-336.1282998906704,4.974437901295976,False,1.0,15.938755384131184,558,20.267184520099363
1083,108.29989169999999,679,truck,-334.9911614570007,4.988950327804433,False,1.0,16.269112303016925,558,18.064781261111534
1088,108.79989119999999,679,truck,-329.34026861082435,5.069318906801469,False,1.0,18.85395324355744,558,20.47036244631545
1089,108.89989109999999,679,truck,-327.95241057022486,5.058977347864238,False,1.0,19.275119639854324,558,19.779279064864795
1091,109.09989089999999,679,truck,-325.5481060571969,5.121972268827684,False,1.0,20.660932687523143,558,14.45089235203568
1092,109.19989079999999,679,truck,-324.3143611276175,5.1644240665117715,False,1.0,21.430579372582827,558,15.655908564037873
1093,109.29989069999999,679,truck,-322.90913865245517,5.17882279883856,False,1.0,21.638773026935553,558,14.77360972353381
1094,109.39989059999999,679,truck,-321.5226158861035,5.216785075165496,False,1.0,21.024466677300666,558,14.007855190076498
1095,109.49989049999999,679,truck,-320.1141703868164,5.237668100117732,False,1.0,,,17.351189356207215
1096,109.59989039999999,679,truck,-318.61275129068144,5.217862565462984,False,1.0,,,14.191191559602657
1097,109.69989029999999,679,truck,-317.2418747119114,5.2801540340556,False,1.0,,,9.711598754220972
1100,109.99989,679,truck,-312.6304530631432,5.3553473127567,False,1.0,,,15.371420867314876
1053,105.2998947,684,truck,-319.3349259232384,5.178564391127191,False,1.0,0.40479463982876496,637,12.247555879313897
1054,105.3998946,684,truck,-318.1101715600626,5.201513422267751,False,1.0,0.25579399356786325,637,14.4878164614056
1055,105.4998945,684,truck,-316.52482545754816,5.235138620271739,False,1.0,,,15.815132362173927
1056,105.5998944,684,truck,-314.9444342171435,5.279104453339434,False,1.0,,,17.05676803340043
1057,105.6998943,684,truck,-313.27247048460987,5.378861185121529,False,1.0,,,19.385298497146096
1058,105.7998942,684,truck,-311.883839533907,5.353617087540017,False,1.0,,,16.390984755370823
1060,105.999894,684,truck,-308.5045069727618,5.378229893160447,False,1.0,,,16.96584378282182
1061,106.0998939,684,truck,-306.74521093300154,5.3876586209781285,False,1.0,,,19.743933720910718
1062,106.1998938,684,truck,-304.8899872221724,5.438919390832144,False,1.0,,,19.776715956082626
1063,106.2998937,684,truck,-303.06171212061906,5.483880039031427,False,1.0,,,13.798695363567958
1064,106.3998936,684,truck,-302.35068392092063,5.52920657414466,False,1.0,,,7.110289107273416
1058,105.7998942,715,truck,-334.87309517395954,7.535993125796373,False,2.0,,,
1072,107.1998928,788,truck,-334.42592194910566,9.22728642021645,False,2.0,,,
1074,107.3998926,800,truck,-359.05020212237673,4.500369262234689,False,1.0,15.061581903694787,679,
1104,110.3998896,893,truck,-334.5175744010905,4.9996615932553965,False,1.0,,,
1107,110.6998893,903,truck,-331.0601155546244,5.039623872418288,False,1.0,,,12.073888150558565
1108,110.7998892,903,truck,-329.8527279469574,5.077939269963491,False,1.0,,,12.662806850689117
1109,110.8998891,903,truck,-328.581568589307,5.066931223613097,False,1.0,,,13.171610949729583
1110,110.999889,903,truck,-327.25167132077803,5.109325964835615,False,1.0,,,13.222189421584325
1111,111.0998889,903,truck,-325.89170017357276,5.172305470333121,False,1.0,,,13.55269065508195
1112,111.1998888,903,truck,-324.51437392605294,5.164300050066821,False,1.0,,,13.816575365829278
1113,111.2998887,903,truck,-323.17629337613397,5.218613101548637,False,1.0,,,13.966784962072659
1114,111.3998886,903,truck,-321.70532605773883,5.232012361441662,False,1.0,,,14.243965493539312
1115,111.4998885,903,truck,-320.3113523030926,5.235644108620312,False,1.0,,,14.567360512760425
1116,111.5998884,903,truck,-318.8652481959707,5.245808068801775,False,1.0,,,14.89759654945399
1117,111.6998883,903,truck,-317.29687465408085,5.309818694957494,False,1.0,,,15.333430462967256
1118,111.7998882,903,truck,-315.8264467027062,5.326930944030233,False,1.0,,,15.647693710207774
1119,111.8998881,903,truck,-314.1575910793092,5.377188825357974,False,1.0,,,15.936088059237093
1120,111.999888,903,truck,-312.5256721519853,5.4036577575481815,False,1.0,,,16.433466083555967
1121,112.0998879,903,truck,-311.0032502845639,5.4410649969980085,False,1.0,,,16.86164217138016
1122,112.1998878,903,truck,-309.2228004423386,5.455946369480519,False,1.0,,,17.27290669542881
1123,112.2998877,903,truck,-307.46707126435865,5.465935127068463,False,1.0,,,17.597446909018636
1124,112.3998876,903,truck,-305.6553412079187,5.522157711161376,False,1.0,,,18.328351124116697
1125,112.4998875,903,truck,-303.75503260085355,5.53509568507916,False,1.0,,,19.003105073756448
1111,111.0998889,915,truck,-360.47973117022775,5.433624927901088,False,1.0,34.58803099665499,903,5.387271928661323
1112,111.1998888,915,truck,-359.9410045160888,5.463175300223558,False,1.0,35.42663059003587,903,5.967124789806803
1113,111.2998887,915,truck,-359.3283073961246,5.495224208903571,False,1.0,36.152014019990645,903,6.385764424064064
1114,111.3998886,915,truck,-358.65068812417263,5.519392365980481,False,1.0,36.9453620664338,903,6.36996183630481
1115,111.4998885,915,truck,-358.03180582184285,5.538092275241978,False,1.0,37.720453518750276,903,6.51832318529091
1116,111.5998884,915,truck,-357.36745868391546,5.547450100373944,False,1.0,38.50221048794475,903,6.542373853353183
1117,111.6998883,915,truck,-356.6833215360579,5.5595391747121825,False,1.0,39.386446881977065,903,6.603449136436893
1118,111.7998882,915,truck,-356.06767370918755,5.596417280408148,False,1.0,40.241227006481324,903,6.665899577751134
1119,111.8998881,915,truck,-355.36895450013054,5.610556467802473,False,1.0,41.21136342082133,903,6.706212355195248
1120,111.999888,915,truck,-354.71009691289754,5.633906064810484,False,1.0,42.184424760912236,903,6.800626763982791
1121,112.0998879,915,truck,-354.023274681009,5.641809111412069,False,1.0,43.02002439644514,903,6.9047473289331265
1122,112.1998878,915,truck,-353.32129988998133,5.680166357957336,False,1.0,44.09849944764272,903,6.993651300934516
1123,112.2998877,915,truck,-352.6290753919082,5.680179836890089,False,1.0,45.16200412754955,903,7.130728644491228
1124,112.3998876,915,truck,-351.90281239322377,5.708424053506377,False,1.0,46.24747118530507,903,7.276115197737681
1125,112.4998875,915,truck,-351.1825947125208,5.7396777015398515,False,1.0,47.42756211166727,903,7.413514861535077
1126,112.5998874,915,truck,-350.4200553676232,5.766550427668435,False,1.0,,,7.497717957893428
1127,112.6998873,915,truck,-349.64841128174464,5.787825104344511,False,1.0,,,7.664533527930416
1128,112.7998872,915,truck,-348.8884565521248,5.7972338331034825,False,1.0,,,7.872921776571957
1129,112.8998871,915,truck,-348.145720772832,5.830687264978565,False,1.0,,,7.993732264164237
1130,112.999887,915,truck,-347.2751604695159,5.870235624029194,False,1.0,,,8.141856634236774
1131,113.0998869,915,truck,-346.45457570697806,5.881169946894373,False,1.0,,,8.325782774581057
1132,113.19988679999999,915,truck,-345.62016667195775,5.884395460821346,False,1.0,,,8.497329994140955
1133,113.29988669999999,915,truck,-344.7748526695316,5.924129541490312,False,1.0,,,8.664212160354282
1134,113.39988659999999,915,truck,-343.9335502066274,5.95289298928169,False,1.0,,,8.81125816838744
1135,113.49988649999999,915,truck,-342.9900095389097,5.97954036167132,False,1.0,,,9.038391893692733
1136,113.59988639999999,915,truck,-342.0755231414419,6.00726678625472,False,1.0,,,9.356324686006246
1137,113.69988629999999,915,truck,-341.1879698803648,6.06334025323443,False,1.0,,,9.562591707089268
1138,113.79988619999999,915,truck,-340.16866660582355,6.096271028812113,False,1.0,,,9.80531019109344
1139,113.89988609999999,915,truck,-339.1834209406538,6.125504413626114,False,1.0,,,10.134291433420685
1140,113.99988599999999,915,truck,-338.17755666038613,6.12528508434509,False,1.0,,,10.351077067853112
1141,114.09988589999999,915,truck,-337.0826756341818,6.157434275260828,False,1.0,,,10.481588717118484
1142,114.19988579999999,915,truck,-336.04653608849554,6.179881371836839,False,1.0,,,10.70269763431429
1143,114.29988569999999,915,truck,-334.95903368091683,6.212619189237279,False,1.0,,,11.027817547781524
1144,114.39988559999999,915,truck,-333.91147563003045,6.254973544475204,False,1.0,,,11.356009513180652
1145,114.49988549999999,915,truck,-332.74681503939325,6.305356685886794,False,1.0,,,11.705699625958914
1146,114.59988539999999,915,truck,-331.4856107352107,6.34000083239833,False,1.0,,,12.20625092317755
1147,114.69988529999999,915,truck,-330.28760283029516,6.377825597438621,False,1.0,,,12.642747076859905
1148,114.79988519999999,915,truck,-329.0122790188579,6.420864990936752,False,1.0,,,12.84115427856591
1149,114.89988509999999,915,truck,-327.65199157516264,6.457719335788701,False,1.0,,,13.193011747880291
1150,114.99988499999999,915,truck,-326.3635646601486,6.498783186925908,False,1.0,,,13.585563481784448
1151,115.09988489999999,915,truck,-325.0277196770438,6.546462366585196,False,1.0,,,13.800981364559902
1152,115.19988479999999,915,truck,-323.5524953335933,6.568232558663508,False,1.0,,,14.186478148972128
1153,115.29988469999999,915,truck,-322.1618366193389,6.621287885161002,False,1.0,,,14.699486779038807
1154,115.3998846,915,truck,-320.70146641110324,6.671763302128972,False,1.0,,,15.115485585437455
1155,115.4998845,915,truck,-319.1276258617135,6.732907178610947,False,1.0,,,15.591318005065887
1156,115.5998844,915,truck,-317.5641863959264,6.800650426009944,False,1.0,,,16.138447560533223
1157,115.6998843,915,car,-315.9005581447589,6.849505447787118,False,1.0,,,16.636786400573783
1158,115.7998842,915,truck,-314.22247139442567,6.898094806016083,False,1.0,,,17.191595118152236
1159,115.8998841,915,truck,-312.50240021393097,6.960320437678555,False,1.0,,,17.77657853567439
1160,115.999884,915,truck,-310.68992229509814,7.003722245737741,False,1.0,,,18.320789723524513
1161,116.0998839,915,truck,-308.8103120359847,7.080359109760214,False,1.0,,,18.84348546024421
1162,116.1998838,915,truck,-306.87787174560464,7.151389532196989,False,1.0,,,18.954072528578536
1163,116.2998837,915,truck,-304.92438639084514,7.224199336030887,False,1.0,,,17.530869524605123
1164,116.3998836,915,truck,-302.957018600753,7.298259501385148,False,1.0,,,18.44460588271272
1165,116.4998835,915,truck,-301.2812503337701,7.356386499163497,False,1.0,,,13.288012344676645
1166,116.5998834,915,truck,-300.6881320035771,7.341610651989082,False,1.0,,,5.9311892331194365
1134,113.39988659999999,989,truck,-354.02154578139124,5.661339989778164,False,1.0,10.087995574763852,915,6.126991272197988
1135,113.49988649999999,989,truck,-353.40884726687057,5.697118436577636,False,1.0,10.418837727960863,915,7.129427014115556
1136,113.59988639999999,989,truck,-352.60612852397537,5.724745145231619,False,1.0,10.530605382533452,915,7.817420966510365
1137,113.69988629999999,989,truck,-351.8588991520205,5.755231152734698,False,1.0,10.670929271655723,915,7.671969837583127
1138,113.79988619999999,989,truck,-351.0828882980102,5.770759997070938,False,1.0,10.91422169218663,915,7.8757834406657246
1139,113.89988609999999,989,truck,-350.27005994438673,5.780700510620436,False,1.0,11.086639003732955,915,7.965248660988833
1140,113.99988599999999,989,truck,-349.48837093826165,5.8000215918746525,False,1.0,11.310814277875522,915,8.064035050643357
1141,114.09988589999999,989,truck,-348.650829287702,5.842490719151363,False,1.0,11.568153653520199,915,8.110625021406232
1142,114.19988579999999,989,truck,-347.84895769255354,5.8610528207092365,False,1.0,11.802421604057997,915,8.213054060602738
1143,114.29988569999999,989,truck,-347.02880277086894,5.89896315389454,False,1.0,12.069769089952104,915,8.323180884849322
1144,114.39988559999999,989,truck,-346.21352856074685,5.950359671915396,False,1.0,12.3020529307164,915,8.460219408608989
1145,114.49988549999999,989,truck,-345.33185647435243,5.955748501083058,False,1.0,12.58504143495918,915,8.70096932185849
1146,114.59988539999999,989,truck,-344.4841711899426,5.983664758883048,False,1.0,12.998560454731887,915,8.982652023039472
1147,114.69988529999999,989,truck,-343.55540484192335,5.99350020098837,False,1.0,13.267802011628191,915,9.190341193606553
1148,114.79988519999999,989,truck,-342.6213950006099,6.0518727887137675,False,1.0,13.609115981751984,915,9.402021035753753
1149,114.89988509999999,989,truck,-341.6382932906188,6.041901425306813,False,1.0,13.986301715456136,915,9.625917775208901
1150,114.99988499999999,989,truck,-340.7167597412151,6.1053097558101594,False,1.0,14.35319508106653,915,9.856893151510787
1151,115.09988489999999,989,truck,-339.69725628934697,6.130087587276401,False,1.0,14.669536612303148,915,10.114802062126627
1152,115.19988479999999,989,truck,-338.716411593228,6.172421502310632,False,1.0,15.163916259634675,915,10.35865736792784
1153,115.29988469999999,989,truck,-337.6035049546877,6.205358741395842,False,1.0,15.441668335348822,915,10.639012091352217
1154,115.3998846,989,truck,-336.54139138921624,6.240843703771835,False,1.0,15.839924978113004,915,10.949189581617967
1155,115.4998845,989,truck,-335.45501463334705,6.2763484611621365,False,1.0,16.327388771633537,915,11.262682933437874
1156,115.5998844,989,truck,-334.31999994487484,6.2871541075137145,False,1.0,16.755813548948424,915,11.514896246848226
1157,115.6998843,989,truck,-333.1444893052715,6.330871271218617,False,1.0,17.243931160512602,915,11.806926825063202
1158,115.7998842,989,truck,-331.91275557188925,6.3846037356177465,False,1.0,17.69028417746358,915,12.150007493012636
1159,115.8998841,989,truck,-330.71725604006275,6.423903602589561,False,1.0,18.21485582613178,915,12.46945571309392
1160,115.999884,989,truck,-329.472234964364,6.501251725898952,False,1.0,18.782312669265878,915,12.80597822135296
1161,116.0998839,989,truck,-328.152784270853,6.545678318346249,False,1.0,19.342472234868296,915,13.263097626448847
1162,116.1998838,989,truck,-326.8422617356551,6.5679125299729,False,1.0,19.96438999005045,915,13.643317978650915
1163,116.2998837,989,truck,-325.40901772613057,6.627214680331195,False,1.0,20.484631335285428,915,13.951106879802758
1164,116.3998836,989,truck,-323.9579095224705,6.693591697607817,False,1.0,21.00089092171754,915,14.463251563747502
1165,116.4998835,989,truck,-322.5882771466233,6.715742444947772,False,1.0,21.307026812853167,915,14.985865939731921
1166,116.5998834,989,truck,-321.0856491598977,6.773415071180117,False,1.0,20.39751715632059,915,15.439752020693865
1167,116.6998833,989,truck,-319.4461597461147,6.820876689138962,False,1.0,,,16.083537559407507
1168,116.7998832,989,truck,-317.81926876180484,6.8617517223248115,False,1.0,,,16.77994734707453
1169,116.8998831,989,truck,-316.10792190585437,6.9087261463393,False,1.0,,,17.34177964628163
1170,116.999883,989,truck,-314.3547432873694,7.0032892799865545,False,1.0,,,17.87660608793683
1171,117.0998829,989,truck,-312.53925245202413,7.043341104081383,False,1.0,,,18.433144435210266
1172,117.1998828,989,truck,-310.6507941494863,7.116253673091575,False,1.0,,,19.038721505117447
1173,117.2998827,989,truck,-308.73804614710275,7.162554046963908,False,1.0,,,19.258781220801573
1174,117.3998826,989,truck,-306.7560185184906,7.227690161264723,False,1.0,,,20.012354446109935
1175,117.4998825,989,truck,-304.6679442083371,7.302054927131044,False,1.0,,,20.880763982298948
1163,116.2998837,1076,truck,-353.2965149413468,4.67679079115669,False,1.0,8.337371059297027,1077,6.3802075018194895
1164,116.3998836,1076,truck,-352.6584948291856,4.710528841594882,False,1.0,28.700585306715084,989,7.348344165714707
1165,116.4998835,1076,truck,-351.87423593938604,4.738631174143563,False,1.0,29.285958792762756,989,7.986780310623544
1166,116.5998834,1076,truck,-351.0529636024751,4.757592657664585,False,1.0,29.96731444257739,989,7.7611879455557755
1167,116.6998833,1076,truck,-350.25202857697,4.753091388266261,False,1.0,30.80586883085533,989,7.955762378560394
1168,116.7998832,1076,truck,-349.4679788740681,4.8051287536367235,False,1.0,31.648710112263245,989,8.092060334721054
1169,116.8998831,1076,truck,-348.7258507120964,4.841795632764851,False,1.0,32.61792880624205,989,8.241220748990372
1170,116.999883,1076,truck,-347.85112563367716,4.834505652165975,False,1.0,33.49638234630777,989,8.412755969471846
1171,117.0998829,1076,truck,-346.9840216655232,4.852122936921805,False,1.0,34.44476921349906,989,8.638396959207284
1172,117.1998828,1076,truck,-346.07975800615213,4.865806372814631,False,1.0,35.42896385666586,989,8.840628601576327
1173,117.2998827,1076,truck,-345.22750188817,4.892235478350827,False,1.0,36.489455741067275,989,8.923646292691046
1174,117.3998826,1076,truck,-344.32793937718395,4.902577709512094,False,1.0,37.571920858693375,989,9.020765427841525
1175,117.4998825,1076,truck,-343.40841720764183,4.911350088935734,False,1.0,38.74047299930476,989,9.206359827410097
1176,117.5998824,1076,truck,-342.5030927225136,4.942538931669975,False,1.0,,,9.40863661388812
1177,117.6998823,1076,truck,-341.5399305420857,4.943053972032858,False,1.0,,,9.618458087458976
1178,117.7998822,1076,truck,-340.56097873118665,4.9672506453284395,False,1.0,,,9.897511519019645
1179,117.8998821,1076,truck,-339.58583532891566,5.003406941130246,False,1.0,,,10.094139689739904
1180,117.999882,1076,car,-338.532072786909,5.035255768421339,False,1.0,,,10.236614596518393
1181,118.0998819,1076,car,-337.48193552173836,5.030060439040229,False,1.0,,,10.498359272607786
1182,118.1998818,1076,truck,-336.46695814726064,5.052533796380133,False,1.0,,,10.706639822234365
1183,118.2998817,1076,truck,-335.3973467661078,5.0841546747866895,False,1.0,,,10.829973431520557
1184,118.3998816,1076,truck,-334.2511185197459,5.101561703651092,False,1.0,,,11.15374226529616
1185,118.4998815,1076,truck,-333.16016048048414,5.127707513344685,False,1.0,,,11.493429099735295
1186,118.5998814,1076,truck,-332.0238852266164,5.121445552545144,False,1.0,,,11.67860686990889
1187,118.69988129999999,1076,truck,-330.7712773308291,5.153863769894763,False,1.0,,,11.951200037409535
1188,118.79988119999999,1076,truck,-329.59960997623307,5.159178178260788,False,1.0,,,12.266250240461432
1189,118.89988109999999,1076,truck,-328.3702601183194,5.188137970296809,False,1.0,,,12.441647750472612
1190,118.99988099999999,1076,truck,-327.08983079570186,5.215391859031506,False,1.0,,,12.607721687720186
1191,119.09988089999999,1076,truck,-325.8279769371874,5.233390785225267,False,1.0,,,12.889454893557513
1192,119.19988079999999,1076,truck,-324.525550311433,5.269989092882299,False,1.0,,,13.194956053060423
1193,119.29988069999999,1076,truck,-323.23762791563075,5.264673071475581,False,1.0,,,13.463473145574198
1194,119.39988059999999,1076,truck,-321.8428001748191,5.301171214998056,False,1.0,,,13.851878968785286
1195,119.49988049999999,1076,truck,-320.42234788109783,5.347235864395825,False,1.0,,,14.326244765582715
1196,119.59988039999999,1076,truck,-319.03200016969043,5.369613227472113,False,1.0,,,14.733186544181535
1197,119.69988029999999,1076,truck,-317.46966196202357,5.406002447372625,False,1.0,,,15.148276334503862
1198,119.79988019999999,1076,truck,-315.96728582570216,5.418719878834946,False,1.0,,,17.266680097096014
1199,119.89988009999999,1076,truck,-314.3799704537526,5.454337934335844,False,1.0,,,19.46666166749924
1200,119.99987999999999,1076,truck,-312.7369164159367,5.487499790107741,False,1.0,,,16.590413751374967
1202,120.19987979999999,1076,truck,-309.4507688044356,5.50150489037606,False,1.0,,,17.325225005981792
1203,120.29987969999999,1076,truck,-307.58425112644085,5.555420492503744,False,1.0,,,20.762343638660923
1204,120.39987959999999,1076,truck,-305.7377376851496,5.601386309856868,False,1.0,,,18.15902360015366
1205,120.49987949999999,1076,truck,-303.9434517283232,5.604369932290894,False,1.0,,,17.071777355931545
1206,120.59987939999999,1076,truck,-302.41111226504876,5.637290259022603,False,1.0,,,13.206295954484403
1207,120.69987929999999,1076,truck,-301.61756751419347,5.653755580975523,False,1.0,,,7.935455444008322
1163,116.2998837,1077,truck,-344.9591438820498,5.191586690503217,False,1.0,19.5501261559192,989,
1186,118.5998814,1180,truck,-359.4533055714394,4.604717508833311,False,1.0,7.678721037169055,1185,5.154021363200932
1187,118.69988129999999,1180,truck,-358.9379039505215,4.618915113189545,False,1.0,7.681401998793319,1185,6.017471309704206
1188,118.79988119999999,1180,truck,-358.2462350550268,4.626729556866445,False,1.0,7.581738990561746,1185,6.509217060435958
1189,118.89988109999999,1180,truck,-357.59782119200554,4.639053306339506,False,1.0,7.5864609475126485,1185,6.2635190044954925
1190,118.99988099999999,1180,truck,-357.0137967959712,4.661446903498602,False,1.0,7.6509724911808235,1185,6.369841309916865
1191,119.09988089999999,1180,truck,-356.3845522078633,4.685040461390212,False,1.0,7.622395020310194,1185,6.35260605251915
1192,119.19988079999999,1180,truck,-355.74314457312073,4.6900230706259975,False,1.0,7.688559908279956,1185,6.41291196457496
1193,119.29988069999999,1180,truck,-355.0711594923521,4.690590747828912,False,1.0,7.718899023520578,1185,6.534964115041021
1194,119.39988059999999,1180,truck,-354.4202970547676,4.715391315834675,False,1.0,7.755810680131617,1185,6.638924523384276
1195,119.49988049999999,1180,truck,-353.7784153815462,4.726452423223262,False,1.0,7.794468350381521,1185,6.691867000412685
1196,119.59988039999999,1180,truck,-353.084976042211,4.733550231120993,False,1.0,7.83017661011047,1185,6.8054513271476935
1197,119.69988029999999,1180,truck,-352.40380285431314,4.753756923560932,False,1.0,7.9286413295074,1185,6.964053428158422
1198,119.79988019999999,1180,truck,-351.71864090261397,4.759789616860918,False,1.0,7.984514391878008,1185,7.037380074069006
1199,119.89988009999999,1180,truck,-350.9673711228095,4.758546786076851,False,1.0,8.036237705650649,1185,7.133800557368204
1200,119.99987999999999,1180,truck,-350.2672948493995,4.7685471791300795,False,1.0,8.196424698322062,1185,7.232582679591587
1201,120.09987989999999,1180,truck,-349.55872353766847,4.784952067872714,False,1.0,8.358431622964076,1185,7.295933593307382
1202,120.19987979999999,1180,truck,-348.7962619352882,4.781669366780568,False,1.0,8.450693582976442,1185,7.411053137473118
1203,120.29987969999999,1180,truck,-348.09360637463016,4.808777639938741,False,1.0,8.656119481438964,1185,7.552394016151538
1204,120.39987959999999,1180,truck,-347.2964793534195,4.806351560835162,False,1.0,8.794902950187407,1185,7.662461653746959
1205,120.49987949999999,1180,truck,-346.52714089236946,4.831133929561409,False,1.0,8.993894798788915,1185,7.840832445433307
1206,120.59987939999999,1180,truck,-345.74649103094083,4.841505320005098,False,1.0,9.170670204008331,1185,7.95279555864613
1207,120.69987929999999,1180,truck,-344.9460404507306,4.860130163560894,False,1.0,9.373858267905689,1185,8.052212580906144
1208,120.79987919999999,1180,truck,-344.10300325458667,4.869104568781063,False,1.0,9.63016049363489,1185,8.293519043082824
1209,120.89987909999999,1180,truck,-343.3342948676126,4.888293312871637,False,1.0,9.927999164967389,1185,8.546346014870323
1210,120.99987899999999,1180,truck,-342.43712084948265,4.900043348515291,False,1.0,10.166206672175917,1185,8.729932998187223
1211,121.0998789,1180,truck,-341.5430003242637,4.912323898335215,False,1.0,10.446862688174974,1185,8.93936740774484
1212,121.1998788,1180,truck,-340.6031936888838,4.902751614333407,False,1.0,10.649557688869095,1185,9.151635312942517
1213,121.2998787,1180,truck,-339.71592574817936,4.921561282279494,False,1.0,10.954592227678631,1185,9.301359605351763
1214,121.3998786,1180,truck,-338.7820139056423,4.956447792174314,False,1.0,11.312598660096512,1185,9.526667024726521
1215,121.4998785,1180,truck,-337.83777565014543,4.9973418669418885,False,1.0,11.607834709478993,1185,9.793390345404987
1216,121.5998784,1180,truck,-336.8409952196085,5.024946005488765,False,1.0,11.950163444061786,1185,10.11953358651067
1217,121.6998783,1180,truck,-335.7785412954795,5.0410638979629905,False,1.0,12.2539237769696,1185,10.487674263085182
1218,121.7998782,1180,truck,-334.7471975895693,5.059438835849762,False,1.0,12.620766183181104,1185,10.841620686577926
1219,121.8998781,1180,truck,-333.6312185972756,5.07968479027248,False,1.0,12.953424856959032,1185,11.13608197838721
1220,121.999878,1180,truck,-332.50090718310133,5.088459214693449,False,1.0,13.336193940034207,1185,11.442877999070106
1221,122.0998779,1180,truck,-331.336253841695,5.132428947861273,False,1.0,13.675730239173788,1185,11.693170453587527
1222,122.1998778,1180,truck,-330.14721183108776,5.156637841745134,False,1.0,14.135485966285387,1185,11.981780933065465
1223,122.2998777,1180,truck,-328.935660497769,5.184759421617777,False,1.0,14.609170793696592,1185,12.377548102441324
1224,122.3998776,1180,truck,-327.7495969286588,5.215989359411769,False,1.0,15.088479549399437,1185,12.71055486384239
1225,122.4998775,1180,truck,-326.4007599004335,5.2449000960531125,False,1.0,,,13.054090059511509
1226,122.5998774,1180,truck,-325.0588653994695,5.248686838028417,False,1.0,,,13.500693121888162
1227,122.6998773,1180,truck,-323.71405812002575,5.2898146150890994,False,1.0,,,13.89688305172217
1228,122.7998772,1180,truck,-322.3147372034093,5.31738829984006,False,1.0,,,14.225009851751793
1229,122.8998771,1180,truck,-320.86984060182357,5.344712715050874,False,1.0,,,16.43105989257674
1230,122.999877,1180,truck,-319.38364707242965,5.361904784711097,False,1.0,,,18.731919165572663
1231,123.0998769,1180,truck,-317.85098260073124,5.414230431400991,False,1.0,,,15.971830405619244
1233,123.2998767,1180,truck,-314.49089745724694,5.47079029252275,False,1.0,,,16.877283062096467
1234,123.3998766,1180,truck,-312.8059974325343,5.522804506695488,False,1.0,,,20.399918881080566
1235,123.4998765,1180,truck,-310.98935638395704,5.56039437551738,False,1.0,,,19.061846558592833
1236,123.5998764,1180,truck,-309.1958184882861,5.558331200148584,False,1.0,,,18.213866703937356
1237,123.6998763,1180,car,-307.6389127037133,5.649412876109562,False,1.0,,,18.065543643960382
1238,123.7998762,1180,truck,-305.6411398575185,5.667856653875471,False,1.0,,,19.697620962328074
1239,123.8998761,1180,truck,-303.44190654219193,5.696199402653908,False,1.0,,,21.992355145620895
1186,118.5998814,1185,bus,-351.77458453427033,4.078638127591109,False,1.0,19.750699307653917,1076,5.180831006253223
1187,118.69988129999999,1185,bus,-351.2565019517282,4.110325275453624,False,1.0,20.48522462089909,1076,5.80316137476666
1188,118.79988119999999,1185,bus,-350.664496064465,4.145455724051032,False,1.0,21.064886088231958,1076,6.225176230787383
1189,118.89988109999999,1185,truck,-350.0113602444929,4.165008945255418,False,1.0,21.641100126173512,1076,6.214350847955075
1190,118.99988099999999,1185,truck,-349.36282430479037,4.1967005463846005,False,1.0,22.272993509088508,1076,6.514159396680498
1191,119.09988089999999,1185,truck,-348.7621571875531,4.231270764503998,False,1.0,22.934180250365728,1076,6.659116124606271
1192,119.19988079999999,1185,bus,-348.0545846648408,4.260517399819675,False,1.0,23.52903435340778,1076,6.725757869240397
1193,119.29988069999999,1185,truck,-347.3522604688315,4.259543681781087,False,1.0,24.11463255320075,1076,6.886241915320397
1194,119.39988059999999,1185,truck,-346.664486374636,4.2777574096887205,False,1.0,24.821686199816895,1076,7.0867879822756095
1195,119.49988049999999,1185,truck,-345.9839470311647,4.347933713363805,False,1.0,25.561599150066854,1076,7.197564295694974
1196,119.59988039999999,1185,truck,-345.2547994321005,4.391652451977915,False,1.0,26.222799262410092,1076,7.351494267066528
1197,119.69988029999999,1185,truck,-344.47516152480574,4.414850022740838,False,1.0,27.005499562782177,1076,7.646437484001808
1198,119.79988019999999,1185,truck,-343.73412651073596,4.469715853569375,False,1.0,27.7668406850338,1076,7.967592365075689
1199,119.89988009999999,1185,truck,-342.93113341715883,4.495935930781476,False,1.0,28.551162963406227,1076,8.184108873998866
1200,119.99987999999999,1185,truck,-342.07087015107743,4.516118924021547,False,1.0,29.33395373514071,1076,8.42624121628046
1201,120.09987989999999,1185,truck,-341.2002919147044,4.545983786406315,False,1.0,,,8.726205357676918
1202,120.19987979999999,1185,truck,-340.3455683523118,4.63536280677568,False,1.0,30.894799547876175,1076,8.967190038613353
1203,120.29987969999999,1185,truck,-339.4374868931912,4.678637446184523,False,1.0,31.853235766750345,1076,9.162104307372829
1204,120.39987959999999,1185,truck,-338.5015764032321,4.680047697688683,False,1.0,32.76383871808247,1076,9.397866655125199
1205,120.49987949999999,1185,truck,-337.53324609358054,4.7015025124991565,False,1.0,33.58979436525732,1076,9.738040039766474
1206,120.59987939999999,1185,truck,-336.5758208269325,4.756400370551184,False,1.0,34.16470856188374,1076,10.059934892761476
1207,120.69987929999999,1185,truck,-335.5721821828249,4.763108187371247,False,1.0,33.95461466863145,1076,10.35762297448332
1208,120.79987919999999,1185,truck,-334.4728427609518,4.789720865912483,False,1.0,,,10.742025849143374
1209,120.89987909999999,1185,truck,-333.4062957026452,4.806592659679763,False,1.0,,,11.09824047189477
1210,120.99987899999999,1185,truck,-332.27091417730674,4.841873798877493,False,1.0,,,11.33006675332831
1211,121.0998789,1185,truck,-331.0961376360887,4.860056226101734,False,1.0,,,11.648401345952152
1212,121.1998788,1185,truck,-329.9536360000147,4.880690766132697,False,1.0,,,11.977865671605059
1213,121.2998787,1185,truck,-328.7613335205007,4.923513417094585,False,1.0,,,12.246291343473331
1214,121.3998786,1185,truck,-327.4694152455458,4.972750920086901,False,1.0,,,12.634336976383565
1215,121.4998785,1185,bus,-326.22994094066644,5.000545649256831,False,1.0,,,13.06393365955114
1216,121.5998784,1185,bus,-324.8908317755467,5.026162239990469,False,1.0,,,13.426537045879058
1217,121.6998783,1185,truck,-323.5246175185099,5.039183787527869,False,1.0,,,13.856863059691705
1218,121.7998782,1185,truck,-322.1264314063882,5.0593340464873355,False,1.0,,,14.295550166174735
1219,121.8998781,1185,truck,-320.6777937403166,5.096026946886732,False,1.0,,,14.743214569947213
1220,121.999878,1185,truck,-319.1647132430671,5.140317813425687,False,1.0,,,15.312848668871993
1221,122.0998779,1185,car,-317.6605236025212,5.2091965226907835,False,1.0,,,15.816633880006975
1222,122.1998778,1185,car,-316.0117258648024,5.2217510854486315,False,1.0,,,16.20881384323161
1223,122.2998777,1185,truck,-314.3264897040724,5.2447106709053735,False,1.0,,,16.518999416425004
1224,122.3998776,1185,truck,-312.66111737925934,5.267789686815872,False,1.0,,,16.65373990187049
1203,120.29987969999999,1260,truck,-360.2688354332526,4.484584461615805,False,1.0,12.175229058622449,1180,4.361222012487862
1204,120.39987959999999,1260,truck,-359.832713668126,4.506759998996394,False,1.0,12.536234314706519,1180,4.361222012487862
1211,121.0998789,1303,truck,-358.81834430797477,5.36283103150714,False,1.0,17.275343983711082,1180,6.491287764874399
1212,121.1998788,1303,truck,-358.1692161806161,5.377998726243363,False,1.0,17.566022491732326,1180,7.222427776085851
1213,121.2998787,1303,truck,-357.3613729515486,5.392079092109433,False,1.0,17.645447203369258,1180,7.72115776472242
1214,121.3998786,1303,truck,-356.6175102826239,5.4153196312995915,False,1.0,17.83549637698161,1180,7.623893124649385
1215,121.4998785,1303,truck,-355.90285726345263,5.456963365036251,False,1.0,18.0650816133072,1180,7.72654734732896
1216,121.5998784,1303,truck,-355.07397418127465,5.476075095659018,False,1.0,18.232978961666163,1180,7.803789399124071
1217,121.6998783,1303,truck,-354.2897008065596,5.481774431015309,False,1.0,18.51115951108011,1180,8.00683389830192
1218,121.7998782,1303,truck,-353.5143487048233,5.516965116536746,False,1.0,18.767151115254023,1180,8.018201676213721
1219,121.8998781,1303,truck,-352.66075293401417,5.525726119051783,False,1.0,19.02953433673855,1180,8.097905980258929
1220,121.999878,1303,truck,-351.85278872059433,5.5739172074919905,False,1.0,19.351881537493,1180,8.375257648392108
1221,122.0998779,1303,truck,-351.10584906612127,5.597367987175489,False,1.0,19.76959522442627,1180,8.612237494528927
1222,122.1998778,1303,truck,-350.15992803935984,5.6151093904419636,False,1.0,20.01271620827208,1180,8.850385126586843
1223,122.2998777,1303,truck,-349.26887219888863,5.640222045450873,False,1.0,20.333211701119637,1180,9.10297231697814
1224,122.3998776,1303,truck,-348.2940005576578,5.659355149221192,False,1.0,20.54440362899902,1180,9.259182637965296
1225,122.4998775,1303,truck,-347.369164820749,5.685226554396208,False,1.0,20.968404920315493,1180,9.40899553763552
1226,122.5998774,1303,truck,-346.4865097519605,5.7355887269838535,False,1.0,21.42764435249103,1180,9.61751877912252
1227,122.6998773,1303,truck,-345.5200939747378,5.773154171987037,False,1.0,21.806035854712036,1180,9.833236319032721
1228,122.7998772,1303,truck,-344.4997201348705,5.806614056344959,False,1.0,22.18498293146115,1180,10.181840827468932
1229,122.8998771,1303,truck,-343.44564346007223,5.8373077675922405,False,1.0,22.575802858248665,1180,10.573507798072342
1230,122.999877,1303,truck,-342.38429543253847,5.885767879026068,False,1.0,23.000648360108812,1180,10.825018772857675
1231,123.0998769,1303,truck,-341.2895484945429,5.916842825831733,False,1.0,23.438565893811642,1180,10.92541082130424
1232,123.1998768,1303,truck,-340.1435580075908,5.951139607163225,False,1.0,,,11.134275675836534
1233,123.2998767,1303,truck,-339.0512481541785,5.995820688232263,False,1.0,24.56035069693155,1180,11.461458041389506
1234,123.3998766,1303,truck,-337.96871554487063,6.059079574444804,False,1.0,25.162718112336336,1180,11.7058146920142
1235,123.4998765,1303,truck,-336.72695880617897,6.106820686893926,False,1.0,25.737602422221926,1180,11.95652972541211
1236,123.5998764,1303,truck,-335.48543854097096,6.14116011337831,False,1.0,26.28962005268488,1180,12.39019135226863
1237,123.6998763,1303,truck,-334.24186497496356,6.163131380323408,False,1.0,26.602952271250274,1180,12.855940540373012
1238,123.7998762,1303,bus,-332.9964234179235,6.236292309870707,False,1.0,27.355283560404985,1180,13.171214622839898
1239,123.8998761,1303,truck,-331.6333613190484,6.290073765317806,False,1.0,28.19145477685646,1180,13.471569015595605
1240,123.999876,1303,truck,-330.2063853475685,6.336737660237936,False,1.0,,,13.815982801148266
1241,124.0998759,1303,truck,-328.8348105479559,6.317616512454514,False,1.0,,,14.190300578192591
1242,124.19987579999999,1303,truck,-327.42093742395195,6.379030076163654,False,1.0,,,14.504248905721852
1243,124.29987569999999,1303,truck,-326.0013819837699,6.42778959697322,False,1.0,,,14.91639480339677
1244,124.39987559999999,1303,truck,-324.4381163653111,6.510297334965547,False,1.0,,,15.48981432513824
1245,124.49987549999999,1303,truck,-322.89739589983407,6.567014001296107,False,1.0,,,16.03391938285972
1246,124.59987539999999,1303,truck,-321.22742010868814,6.613359143551899,False,1.0,,,16.496723722194474
1247,124.69987529999999,1303,truck,-319.5385290278959,6.681924651624088,False,1.0,,,16.946360977368386
1248,124.79987519999999,1303,truck,-317.8498870308854,6.720938032441246,False,1.0,,,17.4521112389034
1249,124.89987509999999,1303,truck,-316.09290409272455,6.768781552002077,False,1.0,,,17.906081833004237
1250,124.99987499999999,1303,truck,-314.29626414141353,6.834019496325346,False,1.0,,,18.488452066462514
1251,125.09987489999999,1303,truck,-312.3764580803166,6.898941993508366,False,1.0,,,19.197441798267846
1252,125.19987479999999,1303,truck,-310.48342712934493,6.944591634473371,False,1.0,,,19.970596163031587
1253,125.29987469999999,1303,truck,-308.41655535142564,6.998327292283765,False,1.0,,,20.526483777295198
1254,125.39987459999999,1303,truck,-306.3288131713584,7.034787673429324,False,1.0,,,19.616068625564367
1255,125.49987449999999,1303,truck,-304.08977887034433,7.124643291452302,False,1.0,,,21.092675212852328
1256,125.59987439999999,1303,truck,-302.05648010057405,7.178257746566293,False,1.0,,,16.142219237555537
1257,125.69987429999999,1303,truck,-301.18735609959157,7.17380644188003,False,1.0,,,8.691248701073489
1275,127.4998725,1528,truck,-345.31438374432844,5.933074207636906,False,1.0,,,-0.3637103027600215
1299,129.8998701,1528,truck,-346.18728759804776,5.896010600701656,False,1.0,3.0477424648742613,1662,6.169416909676784
1300,129.99987,1528,truck,-345.543125187858,5.919282296215898,False,1.0,3.336047470778226,1662,7.434814168663024
1301,130.0998699,1528,truck,-344.700326251278,5.9387165113311475,False,1.0,3.5112093184625905,1662,8.427997793797589
1292,129.19987079999999,1630,truck,-352.6747816141664,5.670362591860125,False,1.0,,,35.321489595283694
1293,129.29987069999999,1630,truck,-351.9296911261435,5.695477317061048,False,1.0,,,34.01395012290541
1317,131.6998683,1630,truck,-342.8234358200512,6.022570325509115,False,1.0,17.963052539713317,1681,2.6330027858093623
1298,129.7998702,1662,truck,-343.8844754311998,4.822182393680916,False,1.0,,,7.449310429573453
1299,129.8998701,1662,truck,-343.1395451331735,4.861956856256269,False,1.0,,,8.731003192865337
1300,129.99987,1662,truck,-342.20707771707976,4.879902930539302,False,1.0,,,9.561863291260552
1301,130.0998699,1662,truck,-341.1891169328154,4.881685824594695,False,1.0,,,9.320703062759147
1302,130.1998698,1662,truck,-340.2711674798683,4.9615270433717225,False,1.0,,,9.49121747174349
1303,130.2998697,1662,truck,-339.3289646735331,4.926427462947677,False,1.0,,,9.39682719466514
1304,130.3998696,1662,truck,-338.37436214878403,4.948232072939077,False,1.0,,,9.447041180863812
1305,130.4998695,1662,truck,-337.4810527209433,4.998563879745724,False,1.0,,,9.662906832326955
1306,130.5998694,1662,truck,-336.5183241311141,5.008172591193551,False,1.0,,,9.861116139911946
1307,130.6998693,1662,truck,-335.4949285477471,5.010402979564233,False,1.0,,,10.052914773670041
1308,130.7998692,1662,truck,-334.4423064362339,5.031602134438671,False,1.0,,,10.195243832067764
1309,130.8998691,1662,truck,-333.3999141072871,5.058751168052017,False,1.0,,,10.281721647683902
1310,130.999869,1662,truck,-332.4025960416851,5.099714100530832,False,1.0,,,10.514138395834225
1311,131.0998689,1662,truck,-331.40154717354807,5.133909292164251,False,1.0,,,10.801661670496186
1312,131.1998688,1662,truck,-330.32999413935073,5.161235191526792,False,1.0,,,10.805631428348075
1313,131.2998687,1662,truck,-329.0931129629347,5.135643548883192,False,1.0,,,11.066505704157334
1314,131.3998686,1662,truck,-327.9474567117516,5.175883441458227,False,1.0,,,11.751646048403932
1315,131.4998685,1662,truck,-327.0494328145038,5.207249472391304,False,1.0,,,12.146642496024587
1316,131.5998684,1662,truck,-325.6882157630777,5.243543674306744,False,1.0,,,12.213017590999703
1317,131.6998683,1662,truck,-324.2916912530635,5.257749858530919,False,1.0,,,12.74172071745004
1318,131.7998682,1662,truck,-322.98478549983986,5.272887047802615,False,1.0,,,13.313985904306175
1319,131.8998681,1662,truck,-321.84277879686414,5.292299900379294,False,1.0,,,13.392455181114402
1320,131.999868,1662,truck,-320.41240275366204,5.281028433514902,False,1.0,0.06393968863676491,1681,13.54974730288659
1321,132.0998679,1662,truck,-319.0112732335989,5.310207339103374,False,1.0,0.3100721546466616,1681,13.915615943403678
1322,132.1998678,1662,truck,-317.5761919938829,5.338548531822427,False,1.0,0.49798777036727415,1681,14.300343815390775
1323,132.2998677,1662,truck,-316.1505510058817,5.35464931220135,False,1.0,0.8249200147493525,1681,14.583190670692417
1324,132.3998676,1662,truck,-314.76141126303486,5.362251088561073,False,1.0,1.0994818390290675,1681,14.882913754867786
1325,132.4998675,1662,truck,-313.1934407724441,5.40239842501156,False,1.0,1.3609329117063567,1681,15.325627895954113
1326,132.5998674,1662,truck,-311.64705912731495,5.455948380429128,False,1.0,1.6604526454599977,1681,16.055500652094498
1327,132.6998673,1662,truck,-310.05750722821267,5.466779487075671,False,1.0,1.978042069228934,1681,16.708349438585575
1328,132.7998672,1662,truck,-308.34362320122585,5.475480854174347,False,1.0,2.301529010220065,1681,17.196787029374207
1329,132.8998671,1662,truck,-306.51285447109706,5.610569972531303,False,1.0,2.3849491155188502,1681,16.893462880582955
1330,132.999867,1662,truck,-304.7336648341457,5.562443294188057,False,1.0,2.6533071033496185,1681,18.007406809984445
1331,133.0998669,1662,truck,-302.91006523302593,5.603994272688636,False,1.0,2.2841837292215246,1681,14.89600209397193
1332,133.1998668,1662,truck,-301.9010551353812,5.623469220105268,False,1.0,,,10.090111066558089
1303,130.2998697,1681,truck,-342.3415808415745,6.005719970333566,False,1.0,3.0126161680414043,1662,9.6265824787167
1304,130.3998696,1681,truck,-341.3789235563611,6.049575523189929,False,1.0,3.0045614075770573,1662,10.93595250367659
1305,130.4998695,1681,truck,-340.21250737587286,6.134536765349749,False,1.0,2.731454654929564,1662,11.821662031947385
1306,130.5998694,1681,truck,-339.02093913699844,6.173274488931905,False,1.0,2.5026150058843086,1662,11.607174032329482
1307,130.6998693,1681,truck,-337.8180117293416,6.2197855648080465,False,1.0,2.323083181594484,1662,11.861390732995119
1308,130.7998692,1681,truck,-336.642585772946,6.255947417256237,False,1.0,2.2002793367121285,1662,11.989057980738265
1309,130.8998691,1681,truck,-335.4707561998337,6.292748350374841,False,1.0,2.070842092546627,1662,12.18099260921563
1310,130.999869,1681,truck,-334.2592958607956,6.327009669674847,False,1.0,1.8566998191104744,1662,12.367524648204492
1311,131.0998689,1681,truck,-332.9851046603957,6.380603691865683,False,1.0,1.58355748684761,1662,12.628774170905169
1312,131.1998688,1681,truck,-331.6728657777217,6.419290880008766,False,1.0,1.3428716383709798,1662,12.927913974241518
1313,131.2998687,1681,truck,-330.42021944388586,6.489603611330005,False,1.0,1.3271064809511586,1662,13.209680050059855
1314,131.3998686,1681,truck,-329.06436098676267,6.538379132166895,False,1.0,1.116904275011052,1662,13.500657005164337
1315,131.4998685,1681,truck,-327.73779002753946,6.556395510681136,False,1.0,0.6883572130356583,1662,13.849266721699173
1316,131.5998684,1681,truck,-326.2969436532721,6.601667190604375,False,1.0,0.6087278901943591,1662,14.164647623701434
1317,131.6998683,1681,truck,-324.8603832803379,6.644796342173785,False,1.0,0.5686920272743805,1662,14.517204563724015
1318,131.7998682,1681,truck,-323.3834490688371,6.704119113703299,False,1.0,0.3986635689972218,1662,14.9850845219188
1319,131.8998681,1681,truck,-321.93649790275725,6.719021932926416,False,1.0,0.09371910589311483,1662,15.377937009079014
1320,131.999868,1681,truck,-320.34846306502527,6.747714009365911,False,1.0,,,15.840012974539917
1321,132.0998679,1681,truck,-318.70120107895224,6.819807234703544,False,1.0,,,16.33240288885926
1322,132.1998678,1681,truck,-317.0782042235156,6.866957364437278,False,1.0,,,16.790540473579146
1323,132.2998677,1681,truck,-315.32563099113236,6.939820008992622,False,1.0,,,17.2305670319517
1324,132.3998676,1681,truck,-313.6619294240058,6.953957211927462,False,1.0,,,17.71335137498068
1325,132.4998675,1681,truck,-311.83250786073773,7.00549677409569,False,1.0,,,18.282294146952673
1326,132.5998674,1681,truck,-309.98660648185495,7.073682244410982,False,1.0,,,18.81757968613368
1327,132.6998673,1681,truck,-308.07946515898374,7.146537010605089,False,1.0,,,19.286193484562546
1328,132.7998672,1681,truck,-306.0420941910058,7.2138518599515935,False,1.0,,,19.112894220886297
1329,132.8998671,1681,truck,-304.1279053555782,7.259604605728659,False,1.0,,,19.914660178898544
1330,132.999867,1681,truck,-302.0803577307961,7.284666382979968,False,1.0,,,17.826314247460626
1331,133.0998669,1681,truck,-300.6258815038044,7.370681632954557,False,1.0,,,14.544776814693652
1334,133.3998666,1801,truck,-338.67252882423844,1.643983766025289,False,0.0,,,-0.008501344194498207
1335,133.4998665,1801,truck,-338.67337895780776,1.6497702974753135,False,0.0,,,0.007265053253377118
1336,133.5998664,1801,truck,-338.67120369624774,1.6506641293302633,False,0.0,,,0.007905890366146195
1337,133.6998663,1801,truck,-338.6702396481124,1.6472678356797061,False,0.0,,,-0.01654412013522233
1338,133.7998662,1801,truck,-338.66802794879766,1.6430454244831358,False,0.0,,,-0.032001758597289154
1339,133.8998661,1801,truck,-338.67613865561293,1.6436712228768524,False,0.0,,,-0.013079652188253021
1340,133.999866,1801,truck,-338.6863132300242,1.6487807381236015,False,0.0,,,0.006900406689965166
1341,134.0998659,1801,truck,-338.69027115062704,1.654488103033224,False,0.0,,,0.013411364357580169
1342,134.1998658,1801,truck,-338.6642518328418,1.6468512787756366,False,0.0,,,0.036835321375519925
1343,134.2998657,1801,truck,-338.66711536427835,1.640703358691091,False,0.0,,,0.053911978638780056
1344,134.3998656,1801,truck,-338.6636398891862,1.6400720684560122,False,0.0,,,0.021849329001497608
1345,134.4998655,1801,truck,-338.66197671191054,1.6434073398193556,False,0.0,,,-0.006716275513554137
1346,134.5998654,1801,truck,-338.660695744014,1.6486920139603134,False,0.0,,,-0.016685495781075588
1347,134.6998653,1801,truck,-338.67197793230315,1.6446817901567725,False,0.0,,,-0.021177417793751374
1348,134.7998652,1801,truck,-338.6661055336138,1.6411663198010042,False,0.0,,,-0.016714954507733637
1349,134.8998651,1801,truck,-338.6813351989461,1.6395116694775556,False,0.0,,,-0.019916409477900743
1350,134.999865,1801,truck,-338.6654587987669,1.6443494035037125,False,0.0,,,-0.026691706806104776
1351,135.0998649,1801,truck,-338.6739285949504,1.644398927185804,False,0.0,,,-0.01359550373467755
1352,135.1998648,1801,truck,-338.6786614709286,1.6445813632027098,False,0.0,,,-0.014822100516539649
1353,135.2998647,1801,truck,-338.68611367510294,1.644191035107466,False,0.0,,,-0.03375206478858672
1354,135.3998646,1801,truck,-338.6749225475963,1.6458874101947492,False,0.0,,,-0.011463857280205048
1355,135.4998645,1801,truck,-338.686693535811,1.648892974801734,False,0.0,,,0.01437602039641206
1356,135.5998644,1801,truck,-338.6864458889422,1.6489891853423417,False,0.0,,,0.0005577868694217614
1357,135.6998643,1801,truck,-338.677608022753,1.647832039266786,False,0.0,,,-0.003124615133174302
1358,135.7998642,1801,truck,-338.6727911172586,1.644772104367074,False,0.0,,,0.014469472852169929
1359,135.8998641,1801,truck,-338.68768731912905,1.6457880811497736,False,0.0,,,0.00383061087995884
1360,135.999864,1801,truck,-338.6770533762865,1.642674273175014,False,0.0,,,-0.01663191826628463
1361,136.0998639,1801,truck,-338.6816165900843,1.6481238015942352,False,0.0,,,-0.014118466656327655
1362,136.1998638,1801,truck,-338.6786067145618,1.646367699301329,False,0.0,,,-0.0011117112394458672
1363,136.2998637,1801,truck,-338.6884243270839,1.6434504897960236,False,0.0,,,0.0012950324035045924
1364,136.3998636,1801,truck,-338.6861725618416,1.6502348947349603,False,0.0,,,0.005271328704111511
1365,136.4998635,1801,truck,-338.6796798437017,1.6451977537268205,False,0.0,,,0.008320169120224818
1366,136.5998634,1801,truck,-338.67769509156034,1.6450285323979719,False,0.0,,,0.0189225214844555
1367,136.6998633,1801,truck,-338.67725688965277,1.6470507681168471,False,0.0,,,0.005900490670910585
1368,136.7998632,1801,truck,-338.6814539911928,1.6430400986793912,False,0.0,,,-0.0038676436743116938
1369,136.8998631,1801,truck,-338.67422039517095,1.6431138448743958,False,0.0,,,-0.0027436512282292824
1370,136.999863,1801,truck,-338.68573152560236,1.6488680858837794,False,0.0,,,-0.016522962231420024
1371,137.0998629,1801,truck,-338.6755110494663,1.643008608607621,False,0.0,,,-0.01691107071405895
1372,137.1998628,1801,truck,-338.682184580231,1.6429200172974892,False,0.0,,,-0.01641184443246857
1373,137.2998627,1801,truck,-338.6930492463231,1.6552198706220378,False,0.0,,,-0.008779768782460451
1374,137.3998626,1801,truck,-338.679536193844,1.6494302472485662,False,0.0,,,0.019851232080554837
1375,137.4998625,1801,truck,-338.6968275549502,1.6488925997956148,False,0.0,,,0.0612806738170093
1376,137.5998624,1801,truck,-338.67319478012115,1.6451193689509716,False,0.0,,,0.06547277095523896
1377,137.6998623,1801,truck,-338.66464963734666,1.648733265915446,False,0.0,,,0.06301804397867272
1378,137.7998622,1801,truck,-338.6493035766708,1.6427488618557191,False,0.0,,,0.03938753131410522
1379,137.8998621,1801,truck,-338.65780915801395,1.6409598856964527,False,0.0,,,-0.010557953249190177
1380,137.99986199999998,1801,truck,-338.6555366098198,1.6411412947528219,False,0.0,,,-0.0460329166730844
1381,138.09986189999998,1801,truck,-338.6750982333247,1.6496625622327932,False,0.0,,,-0.057048992889576766
1382,138.19986179999998,1801,truck,-338.67330412683447,1.6447348592423818,False,0.0,,,-0.026878943722294935
1383,138.29986169999998,1801,truck,-338.6866819578227,1.6453040303673756,False,0.0,,,0.006961852597214602
1384,138.39986159999998,1801,truck,-338.6774797127026,1.6469620231039992,False,0.0,,,0.030966684420945967
1385,138.49986149999998,1801,truck,-338.66274497197475,1.644322022522739,False,0.0,,,0.02940888134639863
1386,138.59986139999998,1801,truck,-338.6609280255345,1.6455055603942894,False,0.0,,,0.019957021786694895
1387,138.69986129999998,1801,truck,-338.65650768117035,1.6443179942039754,False,0.0,,,0.00980533748020207
1388,138.79986119999998,1801,truck,-338.67406955154934,1.6435547026219008,False,0.0,,,-0.011032654755581461
1389,138.89986109999998,1801,truck,-338.67013511714663,1.6414250974415583,False,0.0,,,-0.017275819481483268
1390,138.99986099999998,1801,truck,-338.6602842398555,1.6362510287108758,False,0.0,,,0.006902487425350046
1391,139.09986089999998,1801,truck,-338.6744214013762,1.6437482166099664,False,0.0,,,0.012644314662793477
1392,139.19986079999998,1801,truck,-338.6602901075345,1.6382577295850758,False,0.0,,,-0.007592388455123
1393,139.29986069999998,1801,truck,-338.6633846446625,1.6420671051639903,False,0.0,,,-0.011001000858868792
1394,139.39986059999998,1801,truck,-338.66817572201546,1.6460775828186098,False,0.0,,,-0.027091204450925943
1395,139.49986049999998,1801,truck,-338.6698360158495,1.6430636892627837,False,0.0,,,-0.03878719748399817
1396,139.59986039999998,1801,truck,-338.6758706152397,1.643365854808308,False,0.0,,,-0.03322841649287511
1397,139.69986029999998,1801,truck,-338.68593207103055,1.643599449994256,False,0.0,,,-0.02042261033398063
1398,139.79986019999998,1801,truck,-338.67652983986306,1.6479046871226095,False,0.0,,,0.003591592499788021
1399,139.89986009999998,1801,truck,-338.68825891007964,1.6464616311994125,False,0.0,,,0.002969841131061912
1400,139.99985999999998,1801,truck,-338.67017541769724,1.6447385829422159,False,0.0,,,0.011136102118371127
1401,140.09985989999998,1801,truck,-338.6719396244833,1.6486085861848805,False,0.0,,,0.03946720526073477
1402,140.19985979999998,1801,truck,-338.6868932236253,1.6460894677768447,False,0.0,,,0.01678699235867498
1403,140.29985969999998,1801,truck,-338.66443259628625,1.6515964538702301,False,0.0,,,-0.01613472729241039
1404,140.39985959999998,1801,truck,-338.6608889878631,1.6481331675947433,False,0.0,,,-0.0024735369729569356
1405,140.49985949999999,1801,truck,-338.6807583643421,1.6532785278073703,False,0.0,,,0.005688824624110467
1422,142.1998578,1801,truck,-338.67749138899626,1.6494247047482804,False,0.0,,,-0.04683053428971107
1423,142.2998577,1801,truck,-338.6838149936118,1.6444302068410486,False,0.0,,,-0.040985459732155505
1424,142.3998576,1801,truck,-338.683651773011,1.6499566306825002,False,0.0,,,-0.034251051071123584
1425,142.4998575,1801,truck,-338.6856150965292,1.647097074251362,False,0.0,,,-0.019773045396050293
1426,142.5998574,1801,truck,-338.69701767442285,1.646490481626222,False,0.0,,,0.004893043138281428
1427,142.6998573,1801,truck,-338.6954830957357,1.644003327888764,False,0.0,,,0.025284710390224063
1428,142.7998572,1801,truck,-338.6855963124951,1.6474181620895703,False,0.0,,,0.03880460523760121
1429,142.8998571,1801,bus,-338.6769774158824,1.6448492225525335,False,0.0,,,0.031429774452362835
1430,142.999857,1801,truck,-338.6670047685524,1.64452171693488,False,0.0,,,0.008552605009072067
1431,143.0998569,1801,truck,-338.67682343596664,1.6478714183033232,False,0.0,,,0.012918375328808906
1432,143.1998568,1801,truck,-338.6842475911693,1.6444940539321415,False,0.0,,,0.02681349909698838
1433,143.2998567,1801,truck,-338.68827922060524,1.645580716474453,False,0.0,,,0.027632949345388624
1434,143.3998566,1801,truck,-338.66137614536206,1.648495896921435,False,0.0,,,0.025749713619006798
1435,143.4998565,1801,truck,-338.65579256678916,1.6473683903343812,False,0.0,,,0.015898981147756786
1436,143.5998564,1801,truck,-338.660402716017,1.6469478909049833,False,0.0,,,0.001558847397518548
1437,143.6998563,1801,truck,-338.67491862324977,1.6473397420313836,False,0.0,,,-0.008982751956864377
1438,143.7998562,1801,truck,-338.68170922327647,1.6434683980145728,False,0.0,,,-0.004805223798939551
1439,143.8998561,1801,truck,-338.66638729685167,1.6406441138763177,False,0.0,,,-0.0016079593577984497
1454,145.3998546,1801,truck,-338.6597641582735,1.642280823599495,False,0.0,,,-0.0015505982960348774
1455,145.4998545,1801,truck,-338.66123634352647,1.639829331816682,False,0.0,,,-0.011719654620719666
1456,145.5998544,1801,truck,-338.68030736356127,1.6408972567293327,False,0.0,,,-0.042636268796741206
1457,145.6998543,1801,truck,-338.68251225825105,1.6462475310351399,False,0.0,,,-0.04956513834258658
1458,145.7998542,1801,truck,-338.67730390477817,1.6419366655455685,False,0.0,,,-0.019683531372493235
1459,145.8998541,1801,truck,-338.69148377650714,1.646237764965985,False,0.0,,,-0.004911828213607805
1460,145.999854,1801,truck,-338.67908181407034,1.6439500934129498,False,0.0,,,0.003093575835464435
1461,146.0998539,1801,truck,-338.6821454047065,1.640858965508456,False,0.0,,,0.0170403782935864
1462,146.1998538,1801,truck,-338.6855860404078,1.6415269709935003,False,0.0,,,-0.0013135174176568398
1463,146.2998537,1801,truck,-338.67113654987935,1.6405964283483097,False,0.0,,,-0.01887542943677545
1464,146.3998536,1801,truck,-338.68061077015267,1.6448012150019233,False,0.0,,,-0.007204766773611482
1465,146.4998535,1801,truck,-338.6912683365291,1.6460427177147798,False,0.0,,,-0.01648099801400349
1466,146.5998534,1801,truck,-338.688834292809,1.6443920168639898,False,0.0,,,-0.019909202169174023
1467,146.6998533,1801,truck,-338.6861019118744,1.6452474286079493,False,0.0,,,0.00351393816822565
1468,146.7998532,1801,truck,-338.6871016599457,1.6485806866691026,False,0.0,,,0.011529491353257981
1469,146.8998531,1801,truck,-338.6845548423462,1.6468347925987816,False,0.0,,,0.015263936813653345
1470,146.999853,1801,truck,-338.6838103296813,1.6424049038795758,False,0.0,,,0.00935446571384091
1471,147.0998529,1801,truck,-338.684762819833,1.6453567827233566,False,0.0,,,-0.00630938326503383
1472,147.1998528,1801,truck,-338.67490946330054,1.6477813667226597,False,0.0,,,-0.0002309654835244146
1473,147.2998527,1801,truck,-338.68893965215995,1.6536140956592345,False,0.0,,,-0.0013290773713379167
1474,147.3998526,1801,truck,-338.68902622708794,1.6516957719335315,False,0.0,,,-0.01356979534216407
1475,147.4998525,1801,truck,-338.67956991019224,1.6438513122077034,False,0.0,,,0.008512697297874183
1476,147.5998524,1801,truck,-338.6903323153641,1.6476034809018942,False,0.0,,,0.027760167156884563
1477,147.6998523,1801,truck,-338.68290974954203,1.6432689298637755,False,0.0,,,0.01295577904897982
1478,147.7998522,1801,truck,-338.6724266771335,1.6424423923860731,False,0.0,,,0.020792110777847483
1479,147.8998521,1801,truck,-338.6777790627175,1.6426398428596605,False,0.0,,,0.02580007455935629
1480,147.999852,1801,truck,-338.67786130846906,1.6466394500967345,False,0.0,,,-0.0008988797242182045
1481,148.0998519,1801,truck,-338.67124882710146,1.647990809681555,False,0.0,,,-0.021583379604408037
1482,148.1998518,1801,truck,-338.6761931890456,1.6450502333703705,False,0.0,,,-0.039102362814219305
1483,148.2998517,1801,truck,-338.6800421164555,1.6408275193595978,False,0.0,,,-0.049462762144003136
1484,148.3998516,1801,truck,-338.6917469814166,1.6497514525292452,False,0.0,,,-0.04020939392125911
1485,148.4998515,1801,truck,-338.7029957134817,1.65504169850524,False,0.0,,,-0.015620132292269773
1486,148.5998514,1801,truck,-338.6955771347702,1.6493201358388472,False,0.0,,,0.007266046660788561
1487,148.6998513,1801,truck,-338.6920742350886,1.6491418867051686,False,0.0,,,0.022889303781767012
1488,148.7998512,1801,truck,-338.6797811870844,1.6483359179064263,False,0.0,,,0.044040649597718584
1489,148.8998511,1801,truck,-338.6847418713933,1.6469544403319034,False,0.0,,,0.036319193775625536
1490,148.999851,1801,truck,-338.68711154261274,1.6495413717667968,False,0.0,,,0.008479793588094253
1492,149.19985079999998,1801,truck,-338.66742070008206,1.6351422045935626,False,0.0,,,-0.0060053398355677245
1502,150.19984979999998,1801,truck,-338.68391151232015,1.6429821842645675,False,0.0,,,0.02242482310794003
1503,150.29984969999998,1801,truck,-338.6869927228313,1.644864997875146,False,0.0,,,0.003346146630747171
1504,150.39984959999998,1801,truck,-338.68461349263026,1.6501008460806272,False,0.0,,,-0.016481211165629617
1515,151.49984849999998,1801,truck,-338.6747791860247,1.644241494839921,False,0.0,,,0.004766206323438382
1516,151.59984839999998,1801,truck,-338.6764069133855,1.6471077136978725,False,0.0,,,0.005882987292551434
1520,151.999848,1801,truck,-338.68433855177074,1.642343329771086,False,0.0,,,-0.0010031056940533745
1521,152.0998479,1801,truck,-338.6843894472759,1.6462472390871505,False,0.0,,,0.0030435365936227754
1522,152.1998478,1801,truck,-338.66743608743155,1.6434794828310784,False,0.0,,,0.008069268231338356
1523,152.2998477,1801,truck,-338.676479714281,1.6480990612867896,False,0.0,,,0.006305136749100271
1539,153.8998461,1801,truck,-338.67166285157896,1.639454993555251,False,0.0,,,-0.024212407389768487
1540,153.999846,1801,truck,-338.68101335341504,1.6462515624873952,False,0.0,,,-0.023521772419812237
1549,154.8998451,1801,truck,-338.67814248606925,1.646777533432294,False,0.0,,,-0.030554169017250388
1550,154.999845,1801,truck,-338.6803233181863,1.648441158134827,False,0.0,,,-0.013176066151345367
1551,155.0998449,1801,truck,-338.6910927235803,1.6449879029147143,False,0.0,,,0.0011277792725650215
1552,155.1998448,1801,truck,-338.6884569654247,1.6442236986930563,False,0.0,,,0.004680564831460288
1553,155.2998447,1801,truck,-338.6773952925444,1.6415628532163216,False,0.0,,,0.015303258818221366
1554,155.3998446,1801,truck,-338.68063276879525,1.646767367148349,False,0.0,,,0.044967894074943615
1555,155.4998445,1801,truck,-338.6731524753094,1.652551446915637,False,0.0,,,-0.012203801898294842
1556,155.5998444,1801,truck,-338.6829603229421,1.6506970126467775,False,0.0,,,-0.09807857440572
1349,134.8998651,1863,truck,-339.14537208583107,6.066493452010225,False,1.0,,,
1351,135.0998649,1869,truck,-332.08613905258574,9.08354859647076,False,2.0,,,
1359,135.8998641,1906,truck,-326.41249495601477,6.516071987123086,False,1.0,,,13.947025966710667
1360,135.999864,1906,truck,-325.0177937540463,6.544297873546273,False,1.0,,,15.390996206335956
1361,136.0998639,1906,truck,-323.40475621097283,6.599540762491919,False,1.0,,,16.427591461611513
1362,136.1998638,1906,truck,-321.72109375228183,6.656234928309613,False,1.0,,,16.313069834763425
1363,136.2998637,1906,truck,-320.1153552914184,6.718258069048379,False,1.0,,,16.7773245200265
1364,136.3998636,1906,truck,-318.40239472749204,6.763195119266976,False,1.0,,,17.100189407011765
1365,136.4998635,1906,truck,-316.7148404608751,6.8244753055317515,False,1.0,,,17.552875863406825
1366,136.5998634,1906,truck,-314.93040176144194,6.910514761986685,False,1.0,,,18.032864169310333
1367,136.6998633,1906,truck,-313.09527589499066,6.978298216328777,False,1.0,,,18.571603621373654
1368,136.7998632,1906,truck,-311.18831483817854,7.0204946295903925,False,1.0,,,19.21486791998009
1369,136.8998631,1906,truck,-309.2965890442853,7.080703220674174,False,1.0,,,19.682611253718854
1370,136.999863,1906,truck,-307.24906109431174,7.125236733707708,False,1.0,,,20.103931284125366
1371,137.0998629,1906,truck,-305.1813324228931,7.205094348391187,False,1.0,,,20.268303018244843
1372,137.1998628,1906,truck,-303.16175366243175,7.263294393215088,False,1.0,,,20.19580780042118
1362,136.1998638,1915,truck,-346.1243095777089,5.811547569858799,False,1.0,24.403215825427083,1906,8.102385014200548
1363,136.2998637,1915,truck,-345.31407188652736,5.880188880035105,False,1.0,25.198716595108976,1906,9.880620616426768
1364,136.3998636,1915,truck,-344.1909409352397,5.897827296903439,False,1.0,25.788546207747686,1906,11.02246319147821
1365,136.4998635,1915,truck,-343.11234127203346,5.951311272276387,False,1.0,26.397500811158352,1906,10.650207564968696
1366,136.5998634,1915,truck,-341.9992734812288,5.941251338545695,False,1.0,27.06887171978684,1906,10.963372368567889
1367,136.6998633,1915,truck,-340.9312796885925,5.977296304401594,False,1.0,27.836003793601833,1906,11.085469869411554
1368,136.7998632,1915,truck,-339.8569048608826,6.021104720407978,False,1.0,28.668590022704052,1906,11.306253656107856
1369,136.8998631,1915,truck,-338.6847465556889,6.063637567623446,False,1.0,29.388157511403563,1906,11.560679761710162
1370,136.999863,1915,truck,-337.5330768676429,6.141754210844466,False,1.0,30.284015773331134,1906,11.877594570629526
1371,137.0998629,1915,truck,-336.27229553576495,6.167040147194938,False,1.0,31.09096311287186,1906,12.15352996430056
1372,137.1998628,1915,truck,-335.0975894330259,6.175369930480696,False,1.0,31.935835770594167,1906,12.488173011861136
1373,137.2998627,1915,truck,-333.8130124234143,6.1977531291180945,False,1.0,,,12.6660171005326
1374,137.3998626,1915,truck,-332.57512118238634,6.2401462287004925,False,1.0,,,12.83544763430632
1375,137.4998625,1915,truck,-331.15454171725713,6.312632789343377,False,1.0,,,13.20029848950685
1376,137.5998624,1915,truck,-329.9848262516352,6.382265796702154,False,1.0,,,13.580445907190324
1377,137.6998623,1915,truck,-328.5496239182973,6.380585518887251,False,1.0,,,14.04263884187867
1378,137.7998622,1915,truck,-327.1606926489346,6.442159992695888,False,1.0,,,14.517003728918326
1379,137.8998621,1915,truck,-325.6470086301212,6.4744677364548435,False,1.0,,,14.893383490156566
1380,137.99986199999998,1915,truck,-324.0400294702822,6.543370136084677,False,1.0,,,15.158277092296885
1381,138.09986189999998,1915,truck,-322.5823492866956,6.535871432876438,False,1.0,,,15.460708744275735
1382,138.19986179999998,1915,truck,-321.0587322864663,6.598081195223243,False,1.0,,,15.792956011054002
1383,138.29986169999998,1915,truck,-319.4933223467478,6.622005339757687,False,1.0,,,16.236393470349185
1384,138.39986159999998,1915,truck,-317.8536856487411,6.6956349045606025,False,1.0,,,16.635470124838548
1385,138.49986149999998,1915,truck,-316.04041223356427,6.763428234048358,False,1.0,,,17.083014112201
1386,138.59986139999998,1915,truck,-314.3455892894578,6.775746731800866,False,1.0,,,17.593428267303807
1387,138.69986129999998,1915,truck,-312.6600387943358,6.822709408253711,False,1.0,,,18.112843772220003
1388,138.79986119999998,1915,truck,-310.8090188096914,6.890156906748836,False,1.0,,,18.806510687021728
1389,138.89986109999998,1915,truck,-308.94457851192186,6.911954998404268,False,1.0,,,19.43600814464844
1390,138.99986099999998,1915,truck,-306.8366937110073,6.997210622528014,False,1.0,,,19.76270160403851
1391,139.09986089999998,1915,truck,-304.74281593150357,7.100249419718073,False,1.0,,,18.886925325199627
1392,139.19986079999998,1915,truck,-302.82682344364946,7.120686145143308,False,1.0,,,19.83272215463944
1393,139.29986069999998,1915,truck,-300.8795523190412,7.19881111209245,False,1.0,,,15.337346485355283
1394,139.39986059999998,1915,truck,-299.9871385642981,7.256912071812053,False,1.0,,,8.924146471577195
1378,137.7998622,1955,truck,-353.2961737584852,4.766112224272108,False,1.0,26.135481109550597,1915,7.4698839260422245
1379,137.8998621,1955,truck,-352.5491861128694,4.790924759600349,False,1.0,26.902177482748186,1915,8.118776560882452
1380,137.99986199999998,1955,truck,-351.684116499831,4.812188120092163,False,1.0,27.644087029548814,1915,8.620931404561134
1381,138.09986189999998,1955,truck,-350.85576564271537,4.816373087601546,False,1.0,28.273416356019766,1915,8.616104990905797
1382,138.19986179999998,1955,truck,-349.97685833642066,4.862529940817551,False,1.0,28.918126049954367,1915,8.787250220465694
1383,138.29986169999998,1955,truck,-349.0590811888814,4.873147273596915,False,1.0,29.56575884213362,1915,8.88599634176262
1384,138.39986159999998,1955,truck,-348.1701823076725,4.889136259035551,False,1.0,30.31649665893144,1915,9.061308977449698
1385,138.49986149999998,1955,truck,-347.2758788718127,4.911797635664519,False,1.0,31.235466638248454,1915,9.23681543278758
1386,138.59986139999998,1955,truck,-346.3780158149678,4.919436227204822,False,1.0,32.032426525510004,1915,9.319112084275275
1387,138.69986129999998,1955,truck,-345.3933082480273,4.93627817660438,False,1.0,32.73326945369155,1915,9.546447451236418
1388,138.79986119999998,1955,truck,-344.4058250813023,4.935667188135326,False,1.0,33.59680627161089,1915,9.90079937660198
1389,138.89986109999998,1955,truck,-343.5043356500883,4.926604242997336,False,1.0,34.55975713816645,1915,10.11719091544046
1390,138.99986099999998,1955,truck,-342.39528762460805,4.9694278525150235,False,1.0,35.55859391360076,1915,10.232822634807007
1391,139.09986089999998,1955,truck,-341.35781758636995,4.988496446662384,False,1.0,36.615001654866376,1915,10.561948468155833
1392,139.19986079999998,1955,truck,-340.29632567837535,5.0275307201033,False,1.0,37.469502234725894,1915,10.93811353070464
1393,139.29986069999998,1955,truck,-339.26999524897013,5.04186194819193,False,1.0,38.39044292992895,1915,11.178156997360247
1394,139.39986059999998,1955,truck,-338.0782275762132,5.046005629792989,False,1.0,38.091089011915074,1915,11.424684768930547
1395,139.49986049999998,1955,truck,-336.88329310589177,5.081894618202155,False,1.0,,,11.714095129341558
1396,139.59986039999998,1955,truck,-335.69166628588295,5.109647339422457,False,1.0,,,11.973343566899985
1397,139.69986029999998,1955,truck,-334.5378036346164,5.1326598318041725,False,1.0,,,12.160284849401705
1398,139.79986019999998,1955,truck,-333.3144338774826,5.146783306566481,False,1.0,,,12.39559596312688
1399,139.89986009999998,1955,truck,-332.0604573541443,5.159283433218518,False,1.0,,,12.636405761794322
1400,139.99985999999998,1955,truck,-330.7407906388439,5.18657629762808,False,1.0,,,12.953313453158444
1401,140.09985989999998,1955,truck,-329.4385851854,5.232096449002948,False,1.0,,,13.372112936459189
1402,140.19985979999998,1955,truck,-328.15449160971065,5.259081804056587,False,1.0,,,13.733793862423
1403,140.29985969999998,1955,truck,-326.74444540254353,5.30352534403174,False,1.0,,,13.948670742111744
1404,140.39985959999998,1955,truck,-325.25834626473704,5.339879011906056,False,1.0,,,14.361221254418524
1405,140.49985949999999,1955,truck,-323.8091215996216,5.361848945397182,False,1.0,,,14.896282785472977
1406,140.59985939999999,1955,truck,-322.42159743118145,5.401186295720383,False,1.0,,,15.292875229998117
1407,140.69985929999999,1955,truck,-320.81027247073223,5.4033073616755685,False,1.0,,,15.700855862596654
1408,140.7998592,1955,truck,-319.19239665233164,5.44564228097953,False,1.0,,,16.379186062272538
1409,140.8998591,1955,truck,-317.5175350778257,5.482752763219574,False,1.0,,,16.807716239018873
1410,140.999859,1955,truck,-315.84909262479204,5.513478422619793,False,1.0,,,16.972706747999382
1411,141.0998589,1955,truck,-314.00245672292465,5.563988332148203,False,1.0,,,17.48796865248937
1412,141.1998588,1955,truck,-312.4217137476864,5.622163269182317,False,1.0,,,17.98034362659746
1413,141.2998587,1955,truck,-310.6082656000846,5.629348807334019,False,1.0,,,18.275198693522725
1414,141.3998586,1955,truck,-308.61371496555194,5.680536688503823,False,1.0,,,18.886338334654738
1415,141.4998585,1955,truck,-306.7725870908119,5.716003653306939,False,1.0,,,18.38824232018669
1416,141.5998584,1955,truck,-304.8037818385806,5.748868667166857,False,1.0,,,19.862092622265436
1417,141.6998583,1955,truck,-302.7340691837141,5.8069611746015575,False,1.0,,,15.29342344363181
1418,141.7998582,1955,truck,-301.90768623211255,5.838016791191608,False,1.0,,,8.263837779853208
1394,139.39986059999998,2007,truck,-350.1185187843543,6.864167401828165,False,1.0,12.040291208141127,1955,
1464,146.3998536,2297,bus,-364.7232704332857,6.244503431224404,False,1.0,,,
1467,146.6998533,2329,bus,-362.9086260952041,6.284061012450114,False,1.0,,,5.303798792826051
1468,146.7998532,2329,bus,-362.3782467463014,6.30578924737351,False,1.0,12.810260662134795,2337,5.463815735418848
1470,146.999853,2329,bus,-360.9767853378416,6.357376512238319,False,1.0,,,7.434243453268209
1471,147.0998529,2329,bus,-360.27065717694626,6.402886321428946,False,1.0,,,8.510301295365934
1472,147.1998528,2329,bus,-359.57307453845834,6.429127535122371,False,1.0,,,8.067784428482128
1473,147.2998527,2329,bus,-358.7789100401244,6.44848537046774,False,1.0,,,7.4326332931921115
1474,147.3998526,2329,bus,-357.9976700163164,6.489082984124749,False,1.0,,,7.633155598320627
1475,147.4998525,2329,bus,-357.2895857071289,6.520395194337552,False,1.0,,,7.792425094892906
1476,147.5998524,2329,bus,-356.5252309471004,6.553242306143753,False,1.0,,,7.863425243081565
1477,147.6998523,2329,bus,-355.6853528031392,6.563532864373009,False,1.0,,,8.091971398648411
1478,147.7998522,2329,bus,-354.8742144729754,6.609609035110143,False,1.0,,,8.354971191889717
1479,147.8998521,2329,bus,-354.03894820380873,6.627776135454571,False,1.0,,,8.524094190571077
1480,147.999852,2329,bus,-353.15634421295937,6.678249914397717,False,1.0,,,8.722321913569658
1481,148.0998519,2329,bus,-352.3035096043515,6.722242922798897,False,1.0,,,8.972238722458997
1482,148.1998518,2329,bus,-351.3829884794113,6.750349100535006,False,1.0,,,9.163956733551458
1483,148.2998517,2329,bus,-350.4542656054556,6.78340069441279,False,1.0,,,9.385893167097038
1484,148.3998516,2329,truck,-349.4866673211081,6.808777616473357,False,1.0,,,9.641218849011466
1485,148.4998515,2329,bus,-348.5446775260652,6.866389238659819,False,1.0,,,9.916700122026896
1486,148.5998514,2329,bus,-347.5292925100421,6.886420189751734,False,1.0,,,10.236134424916827
1487,148.6998513,2329,bus,-346.5159963659281,6.9343636203470655,False,1.0,,,10.487842966148946
1488,148.7998512,2329,bus,-345.4045675136118,6.998663562036953,False,1.0,,,26.145809195437323
1489,148.8998511,2329,bus,-344.30024122416927,7.039775066246485,False,1.0,,,42.45274358969618
1490,148.999851,2329,truck,-343.2432711446979,7.089748071838593,False,1.0,,,40.17973458709172
1502,150.19984979999998,2329,bus,-326.6849158417811,7.7730600362630025,False,2.0,,,42.703506401476716
1503,150.29984969999998,2329,truck,-324.90767189723647,7.867537926777124,False,2.0,,,52.80611816091937
1504,150.39984959999998,2329,car,-322.98712723137584,7.945842978015975,False,2.0,,,45.24724824173313
1505,150.49984949999998,2329,bus,-321.32487505639546,8.031849350193742,False,2.0,,,26.261158223354784
1509,150.89984909999998,2329,truck,-313.4125719576705,8.30279902791224,False,2.0,,,27.943559398790967
1510,150.99984899999998,2329,car,-311.2684120343234,8.399468196953498,False,2.0,,,33.378612800246174
1511,151.09984889999998,2329,truck,-308.9604131945976,8.518635815053006,False,2.0,,,28.583611369189157
1512,151.19984879999998,2329,car,-306.5191237407708,8.628234296226154,False,2.0,,,23.743904969481264
1513,151.29984869999998,2329,truck,-304.41429912536705,8.742158944017902,False,2.0,,,22.882939330884938
1514,151.39984859999998,2329,bus,-301.7395651031207,8.848661707863632,False,2.0,,,24.84327535394391
1515,151.49984849999998,2329,bus,-299.1975376632969,8.968283503112376,False,2.0,,,19.277060438900662
1516,151.59984839999998,2329,truck,-298.1483711176788,9.021256068145869,False,2.0,,,10.491675947856988
1468,146.7998532,2337,truck,-349.5679860841666,5.799513200161618,False,1.0,,,
1539,153.8998461,2659,truck,-337.770973677471,4.934510639249056,False,1.0,,,
1564,156.3998436,2769,truck,-341.64488013689805,-0.05230034559484773,False,,,,-14.792718738703428
1565,156.4998435,2769,truck,-343.1241505314965,0.01564160344053357,False,,,,-15.158770461235036
1566,156.5998434,2769,truck,-344.73597503588667,0.08089970330187865,False,,,,-15.08619729285947
1567,156.6998433,2769,truck,-346.2586696037346,0.1242065780090377,False,,,,-14.460587277614028
1568,156.7998432,2769,truck,-347.61948067893877,0.15988405297407746,False,,,,-13.890385811670331
1569,156.8998431,2769,truck,-348.96865901408825,0.19823062622014942,False,,,,-13.177070504133056
1570,156.999843,2769,truck,-350.2609444713333,0.24737743252375777,False,,,,-12.289392611344889
1571,157.0998429,2769,truck,-351.48955301733434,0.2871814705952444,False,,,,-12.389971005674424
1572,157.1998428,2769,truck,-352.68214894934954,0.3167860584861173,False,,,,-10.540231709230836
1573,157.2998427,2769,truck,-353.48538165527617,0.36493607203662143,False,,,,-8.032335091601393
1591,159.0998409,2857,truck,-345.3378998185682,4.904004918910846,False,1.0,,,
1594,159.3998406,2868,truck,-342.50854633167376,4.949923233055173,False,1.0,,,8.581230899511644
1595,159.4998405,2868,truck,-341.6504240998457,4.986103220838097,False,1.0,,,9.901171929795282
1596,159.5998404,2868,truck,-340.5656818890264,4.976233039868421,False,1.0,,,10.790045215669352
1597,159.6998403,2868,truck,-339.4863258784981,5.030233304708766,False,1.0,,,10.631229395631635
1598,159.7998402,2868,truck,-338.4305914307016,5.037758731023476,False,1.0,,,10.967138728356076
1599,159.8998401,2868,truck,-337.32906277553235,5.073291760051186,False,1.0,,,11.164267054894253
1600,159.99984,2868,truck,-336.1986888915849,5.109310686332454,False,1.0,,,11.385331600569089
1601,160.09983989999998,2868,truck,-335.0502893360697,5.153407310895127,False,1.0,,,11.602665041174532
1602,160.19983979999998,2868,truck,-333.83746254082746,5.135499415873814,False,1.0,,,11.854931853674088
1603,160.29983969999998,2868,truck,-332.69413455313656,5.159328046108318,False,1.0,,,12.135989479460022
1604,160.39983959999998,2868,truck,-331.462866214589,5.194466593626642,False,1.0,,,12.418495294419927
1605,160.49983949999998,2868,truck,-330.2099654537865,5.206300742338993,False,1.0,,,12.672105253324162
1606,160.59983939999998,2868,truck,-328.9030354303977,5.233225514007211,False,1.0,,,12.967139578509887
1607,160.69983929999998,2868,truck,-327.5662335705747,5.257363972862893,False,1.0,,,13.300211259379239
1608,160.79983919999998,2868,truck,-326.2932709421706,5.290038110677154,False,1.0,,,13.526487107548064
1609,160.89983909999998,2868,truck,-324.8966032141849,5.316072035756188,False,1.0,,,13.813848746161284
1610,160.99983899999998,2868,truck,-323.4760304950223,5.343738717845283,False,1.0,,,14.282300705482157
1611,161.09983889999998,2868,truck,-322.1104968081005,5.3889190075331355,False,1.0,,,14.686346189258984
1612,161.19983879999998,2868,truck,-320.5449372605595,5.403074238298082,False,1.0,,,15.054328868855237
1613,161.29983869999998,2868,truck,-319.0322808290043,5.429908237814351,False,1.0,,,15.539663102942313
1614,161.39983859999998,2868,truck,-317.47126182443833,5.4633994164514785,False,1.0,,,15.92262903414371
1615,161.49983849999998,2868,truck,-315.8470580702424,5.4865458367946855,False,1.0,,,16.149714726341017
1616,161.59983839999998,2868,truck,-314.19982166960114,5.53507311581708,False,1.0,,,16.50749191437626
1617,161.69983829999998,2868,truck,-312.53299928754427,5.595673029341616,False,1.0,,,16.989427248142874
1618,161.79983819999998,2868,truck,-310.89452022539314,5.589405416928051,False,1.0,,,17.43320439302829
1619,161.89983809999998,2868,truck,-309.1015470211649,5.619850352318593,False,1.0,,,17.850772013214964
1620,161.99983799999998,2868,truck,-307.22736261480037,5.690923124249645,False,1.0,,,17.553549165026652
1621,162.09983789999998,2868,truck,-305.38633016521936,5.685294878854576,False,1.0,,,18.626832135478253
1622,162.19983779999998,2868,truck,-303.4957366294829,5.728718407201934,False,1.0,,,15.697987040745602
1623,162.29983769999998,2868,truck,-302.3782512719772,5.8148740889267305,False,1.0,,,11.174864749921722
1600,159.99984,2902,truck,-350.58052916663706,5.781619978266955,False,1.0,14.381840275052184,2868,-0.10314559875121752
1612,161.19983879999998,2902,bus,-351.0276948665992,5.655092198266729,False,1.0,30.482757606039684,2868,1.8346815089457778
1613,161.29983869999998,2902,car,-350.50468725085517,5.654412096802546,False,1.0,31.47240642185085,2868,1.99616710125343
1606,160.59983939999998,2930,truck,-344.8480053750615,5.965578995603907,False,1.0,15.944969944663796,2868,
1614,161.39983859999998,2967,truck,-335.7173737928007,6.272838133299921,False,1.0,18.246111968362356,2868,0.23128349172220217
1627,162.69983729999998,2967,truck,-335.4889543306823,6.107765719116791,False,1.0,,,3.4793245659911918
1628,162.79983719999998,2967,truck,-335.0437885392082,6.146332212433366,False,1.0,,,3.729173879395405
1617,161.69983829999998,2981,truck,-331.9450605131486,6.3937215404023755,False,1.0,19.412061225604305,2868,0.03774438400753171
1630,162.99983699999999,2981,truck,-331.8959928630065,6.248401264014756,False,1.0,,,11.955044996982906
1631,163.09983689999999,2981,truck,-331.05346348154126,6.253279440284736,False,1.0,,,11.47356684060037
1632,163.19983679999999,2981,truck,-329.78165091576176,6.283370821395263,False,1.0,,,11.480839678856228
1633,163.2998367,2981,truck,-328.36792276307966,6.319053745015446,False,1.0,,,13.681955526267075
1634,163.3998366,2981,truck,-326.9073789246094,6.369743368338828,False,1.0,,,14.299045369919895
1635,163.4998365,2981,truck,-325.45284625352934,6.424816242248643,False,1.0,,,15.251141121295632
1636,163.5998364,2981,truck,-323.8146682467065,6.489189160010197,False,1.0,,,16.38179645002482
1632,163.19983679999999,3092,truck,-338.6668062451308,1.6423722453744916,False,0.0,,,0.004894150470636611
1633,163.2998367,3092,truck,-338.6663168305731,1.6388210524374662,False,0.0,,,0.0037229896515782457
1634,163.3998366,3092,truck,-338.67843216458306,1.642100560355695,False,0.0,,,-0.011971061484018719
1635,163.4998365,3092,truck,-338.6554121201672,1.6418743840771557,False,0.0,,,-0.010658158455498778
1636,163.5998364,3092,truck,-338.66334087927095,1.6468874328436096,False,0.0,,,0.0010514407465507247
1637,163.6998363,3092,truck,-338.68005320778417,1.6507847914774658,False,0.0,,,-0.028466320005236412
1638,163.7998362,3092,truck,-338.663728015717,1.6454742779588023,False,0.0,,,-0.04886057159774282
1639,163.8998361,3092,truck,-338.679969539744,1.648936881013679,False,0.0,,,-0.004657758417579316
1640,163.999836,3092,truck,-338.6823410365455,1.6483594709886378,False,0.0,,,0.005965486210470772
1641,164.0998359,3092,truck,-338.68527248563,1.6462076629195848,False,0.0,,,-0.006637028541945256
1642,164.1998358,3092,truck,-338.6627793551851,1.641428546497146,False,0.0,,,0.010955490878131968
1643,164.2998357,3092,truck,-338.6750363880711,1.6452121224287843,False,0.0,,,0.01083093509464561
1644,164.3998356,3092,truck,-338.67529818929495,1.6433576759235178,False,0.0,,,-0.022868758951290147
1645,164.4998355,3092,truck,-338.67605690707194,1.6419726740232015,False,0.0,,,-0.034645948800516635
1646,164.5998354,3092,truck,-338.6807256908395,1.6424536389607023,False,0.0,,,-0.01845132243943226
1647,164.6998353,3092,truck,-338.69019488605807,1.6432966287412896,False,0.0,,,0.0015500756908295443
1648,164.7998352,3092,truck,-338.6822667713526,1.641832605018864,False,0.0,,,0.006260791929435072
1649,164.8998351,3092,truck,-338.6865191100017,1.6445234649490916,False,0.0,,,0.003910597768253865
1650,164.999835,3092,truck,-338.66328591222464,1.637237258865402,False,0.0,,,0.016926089064327243
1651,165.0998349,3092,truck,-338.68723590001827,1.6455415400774693,False,0.0,,,0.016487091714907365
1652,165.1998348,3092,truck,-338.6797740830216,1.6461704733961868,False,0.0,,,-0.0023597539616275753
1653,165.2998347,3092,truck,-338.67576150225045,1.6450583600821738,False,0.0,,,-0.014090868929997669
1654,165.3998346,3092,truck,-338.67653730387616,1.6438182519843496,False,0.0,,,-0.003268719458247915
1665,166.4998335,3092,truck,-338.675627469952,1.6477595468759305,False,0.0,,,-0.0007386190200264764
1690,168.999831,3092,truck,-338.6889851971294,1.6435067519194224,False,0.0,,,-0.007369988999926136
1691,169.0998309,3092,truck,-338.6838444010712,1.6467048981564074,False,0.0,,,-0.0038528297768607445
1692,169.1998308,3092,truck,-338.68495333458,1.6490831253080949,False,0.0,,,0.0007432833026825847
1698,169.7998302,3092,truck,-338.68035498739175,1.6481843328122745,False,0.0,,,0.020343605835932976
1699,169.8998301,3092,truck,-338.6756626123603,1.6434784694635534,False,0.0,,,0.0139098029806064
1700,169.99983,3092,truck,-338.67211113668816,1.6420534259277026,False,0.0,,,0.0024763032188275247
1701,170.0998299,3092,truck,-338.6724460334352,1.6439063978474453,False,0.0,,,-0.006720114068684779
1702,170.1998298,3092,truck,-338.6824419131448,1.6440697754622635,False,0.0,,,-0.017410842121989845
1703,170.2998297,3092,truck,-338.68039010808434,1.6467502560216523,False,0.0,,,-0.030212675248094456
1704,170.3998296,3092,truck,-338.68234759901645,1.6489858029001998,False,0.0,,,-0.01954560292710994
1705,170.4998295,3092,truck,-338.6828369747431,1.6490191047711142,False,0.0,,,-0.014775168474670863
1706,170.5998294,3092,truck,-338.6919328404158,1.643514678213106,False,0.0,,,-0.028091723538864244
1707,170.6998293,3092,truck,-338.68250068954586,1.6511406884685151,False,0.0,,,-0.013593785640523492
1708,170.7998292,3092,truck,-338.69510648538306,1.648058617191265,False,0.0,,,0.02067465922618794
1709,170.8998291,3092,truck,-338.69572291716486,1.6452778869185976,False,0.0,,,0.043624981315360856
1710,170.999829,3092,truck,-338.6830554286409,1.6461437717807241,False,0.0,,,0.05274783639561065
1711,171.09982889999998,3092,truck,-338.67103974796663,1.6435226717005635,False,0.0,,,0.0581712600226183
1712,171.19982879999998,3092,truck,-338.6597688443046,1.6390346873428445,False,0.0,,,0.03500671818369483
1713,171.29982869999998,3092,truck,-338.66509054697656,1.6420333110526733,False,0.0,,,-0.005773442324880307
1714,171.39982859999998,3092,truck,-338.6675676537201,1.6486802673800032,False,0.0,,,-0.03036263298781705
1715,171.49982849999998,3092,truck,-338.676204008909,1.6467659135220782,False,0.0,,,-0.03950148908484152
1716,171.59982839999998,3092,truck,-338.68366460425017,1.650654205044742,False,0.0,,,-0.040371487551276175
1729,172.89982709999998,3092,truck,-338.6775065906463,1.641410127769119,False,0.0,,,-0.08675292393490963
1730,172.99982699999998,3092,truck,-338.68685425021806,1.6451710568657072,False,0.0,,,-0.09347668919413667
1633,163.2998367,3097,truck,-362.84350183862625,5.2537910683419105,False,1.0,34.47557907554659,2981,
1650,164.999835,3196,truck,-347.54819190514814,4.826663294835105,False,1.0,,,
1652,165.1998348,3212,bus,-356.19581385140697,5.377058894911638,False,1.0,,,6.7441819684730495
1653,165.2998347,3212,bus,-355.52139632897786,5.4116914278407435,False,1.0,,,7.454919284739617
1654,165.3998346,3212,bus,-354.73516361709517,5.443598384197882,False,1.0,,,7.983592543604118
1655,165.4998345,3212,bus,-353.9465278024291,5.465140289976526,False,1.0,,,7.965691709610837
1656,165.5998344,3212,bus,-353.1252558273051,5.493878075037573,False,1.0,6.672561979438399,3230,8.117960726007368
1657,165.6998343,3212,bus,-352.29505350907044,5.515918735452844,False,1.0,6.680506274300569,3230,8.1991191207253
1658,165.7998342,3212,bus,-351.45647292739545,5.54649475413262,False,1.0,6.92817624278922,3230,8.284595374895616
1659,165.8998341,3212,bus,-350.68213441063085,5.567899122083784,False,1.0,7.147273607713316,3230,8.332376573658621
1660,165.999834,3212,bus,-349.8004460872874,5.591880800959575,False,1.0,7.298062392323857,3230,9.683266358861374
1661,166.0998339,3212,bus,-348.98675045214657,5.624532707470067,False,1.0,7.50620401984969,3230,10.333272863921138
1662,166.1998338,3212,bus,-348.101190642947,5.647294807812611,False,1.0,7.616160072392404,3230,9.44299971124292
1663,166.2998337,3212,bus,-345.9670791179238,5.689720491224455,False,1.0,6.477564409111437,3230,9.21387013620074
1664,166.3998336,3212,bus,-345.8382656894542,5.705428857520005,False,1.0,7.493555921667166,3230,9.164944874795538
1665,166.4998335,3212,bus,-345.20132454022064,5.724706062235307,False,1.0,7.892118568741125,3230,7.939246329494381
1666,166.5998334,3212,bus,-344.3720110768824,5.748070645873699,False,1.0,8.203926460886464,3230,7.6333352916697095
1667,166.6998333,3212,bus,-343.55099430836054,5.785205196152778,False,1.0,8.398073487888439,3230,10.208475860438739
1668,166.7998332,3212,bus,-342.57803706226247,5.833688957137981,False,1.0,8.44028003731421,3230,11.287878134825633
1669,166.8998331,3212,bus,-341.59398008678113,5.8536065187425335,False,1.0,8.768742880912669,3230,10.56073814967408
1670,166.999833,3212,bus,-339.2371444909308,5.9163499125994985,False,1.0,7.724427104142137,3230,10.463378824852498
1671,167.0998329,3212,bus,-339.04832427922497,5.9332497866539615,False,1.0,8.848126711516102,3230,10.479142264915708
1672,167.1998328,3212,bus,-338.31395351708187,5.959242175833533,False,1.0,9.122297537082886,3230,9.258183678927026
1673,167.2998327,3212,bus,-337.35170949206724,5.989975698916965,False,1.0,9.49560246071627,3230,8.866426658068804
1674,167.3998326,3212,bus,-336.341175871203,6.018118366892277,False,1.0,9.765992677659085,3230,10.189297791334184
1675,167.4998325,3212,bus,-335.23177428576565,6.042565043181461,False,1.0,10.110301965478413,3230,12.405959216771862
1676,167.5998324,3212,bus,-334.1872766927478,6.079177427454084,False,1.0,10.405434410054056,3230,15.082100531486503
1677,167.6998323,3212,bus,-332.98571350152287,6.129879854926879,False,1.0,10.594928150679266,3230,14.873611965209875
1678,167.7998322,3212,truck,-330.27400269681374,6.211794051398199,False,1.0,9.274274277820268,3230,15.022529542432721
1679,167.8998321,3212,truck,-328.3367972170704,6.274450118827009,False,1.0,8.728125729927058,3230,16.874319356330943
1680,167.999832,3212,bus,-328.3625558483005,6.287268068147267,False,1.0,10.144941293007264,3230,14.487237260882921
1681,168.0998319,3212,truck,-326.03398061030947,6.348923608568682,False,1.0,9.20742298686639,3230,12.172372490765383
1682,168.1998318,3212,truck,-324.26470710194917,6.403606467113532,False,1.0,8.829206410356221,3230,14.76231386687914
1683,168.2998317,3212,bus,-324.5077863227419,6.415918602594551,False,1.0,10.46334256299906,3230,14.187114199988173
1684,168.3998316,3212,truck,-321.93065327274945,6.48777954158357,False,1.0,,,12.588571132126845
1685,168.4998315,3212,truck,-320.00640068805615,6.542221958315309,False,1.0,,,15.799880408758327
1686,168.5998314,3212,bus,-320.2030357576801,6.541951720736907,False,1.0,,,17.365623809723274
1687,168.6998313,3212,bus,-317.5070934110229,6.590186450579487,False,1.0,,,14.330237302513297
1688,168.7998312,3212,bus,-315.4655354047899,6.618839714042605,False,1.0,,,13.162703557272607
1689,168.8998311,3212,bus,-313.60729774660166,6.678625979686458,False,1.0,,,13.18361454001706
1690,168.999831,3212,bus,-313.9995332419279,6.691311478277574,False,1.0,,,11.051395602539515
1691,169.0998309,3212,bus,-313.04721280923957,6.739991785407005,False,1.0,,,8.966479448231667
1692,169.1998308,3212,bus,-311.4793150030607,6.789615025537107,False,1.0,,,8.89129637543033
1693,169.2998307,3212,bus,-310.44192926160787,6.813262960763639,False,1.0,,,9.509356825180703
1694,169.3998306,3212,bus,-309.66443340803147,6.849096023939506,False,1.0,,,8.257086703395771
1695,169.4998305,3212,bus,-309.05111009636425,6.883897882945109,False,1.0,,,7.012929650663864
1696,169.5998304,3212,bus,-308.4862886389794,6.905817801320557,False,1.0,,,6.367191653276677
1697,169.6998303,3212,bus,-307.7831607270115,6.935009837195176,False,1.0,,,6.901315368599171
1698,169.7998302,3212,bus,-307.1251608999228,6.954157431626202,False,1.0,,,5.9896604174114145
1699,169.8998301,3212,bus,-306.61401648363176,6.933114711647719,False,1.0,,,5.208018938094199
1701,170.0998299,3212,bus,-305.20021855348017,6.975409472682689,False,1.0,,,7.068996719754644
1656,165.5998344,3230,truck,-346.4526938478667,5.712920278945343,False,1.0,,,8.381474512443024
1657,165.6998343,3230,truck,-345.6145472347699,5.74672725543644,False,1.0,,,9.630696604906232
1658,165.7998342,3230,truck,-344.52829668460623,5.793485778432103,False,1.0,,,10.412111736406832
1659,165.8998341,3230,truck,-343.53486080291754,5.830640158169301,False,1.0,,,10.101674181459323
1660,165.999834,3230,truck,-342.50238369496356,5.845962264248519,False,1.0,,,10.168308808318038
1661,166.0998339,3230,truck,-341.4805464322969,5.8880198556450445,False,1.0,,,10.228943239867593
1662,166.1998338,3230,truck,-340.4850305705546,5.93032748677697,False,1.0,,,10.383339141953542
1663,166.2998337,3230,truck,-339.48951470881235,5.9726351179088955,True,1.0,,,10.505650045434985
1664,166.3998336,3230,truck,-338.34470976778704,6.00312468121053,False,1.0,,,10.644582210965732
1665,166.4998335,3230,truck,-337.3092059714795,6.034645342811308,False,1.0,,,10.683878117824637
1666,166.5998334,3230,truck,-336.16808461599595,6.08628319842176,False,1.0,,,10.871241117023702
1667,166.6998333,3230,truck,-335.1529208204721,6.109565299660656,False,1.0,,,11.315972462581803
1668,166.7998332,3230,truck,-334.13775702494826,6.132847400899553,True,1.0,,,11.764387397365185
1669,166.8998331,3230,truck,-332.82523720586846,6.196772680224359,False,1.0,,,11.929163817924218
1670,166.999833,3230,truck,-331.51271738678867,6.260697959549165,True,1.0,,,12.242927076997905
1671,167.0998329,3230,truck,-330.20019756770887,6.324623238873971,True,1.0,,,12.531716537638045
1672,167.1998328,3230,truck,-329.191655979999,6.2954235896794914,False,1.0,,,12.641311720137313
1673,167.2998327,3230,truck,-327.856107031351,6.317509376100864,False,1.0,,,12.80961316112992
1674,167.3998326,3230,truck,-326.5751831935439,6.337287432953716,False,1.0,,,13.219239133409737
1675,167.4998325,3230,truck,-325.12147232028724,6.410027189459326,False,1.0,,,13.657262898775523
1676,167.5998324,3230,truck,-323.78184228269373,6.4528069453728305,False,1.0,,,13.822904141662248
1677,167.6998323,3230,truck,-322.3907853508436,6.4908287234104645,False,1.0,,,13.870383341778087
1678,167.7998322,3230,truck,-320.99972841899347,6.528850501448098,True,1.0,,,13.859156283400589
1679,167.8998321,3230,truck,-319.60867148714334,6.566872279485732,True,1.0,,,13.910583229084212
1680,167.999832,3230,truck,-318.2176145552932,6.604894057523366,True,1.0,,,13.91058322908478
1681,168.0998319,3230,truck,-316.8265576234431,6.642915835561,True,1.0,,,13.91058322908478
1682,168.1998318,3230,truck,-315.43550069159295,6.680937613598634,True,1.0,,,13.910583229084496
1683,168.2998317,3230,truck,-314.0444437597428,6.718959391636268,True,1.0,,,13.910583229084496
1662,166.1998338,3251,truck,-353.60233281682815,4.58412987847865,False,1.0,5.501142173881135,3212,7.629930575392214
1663,166.2998337,3251,truck,-352.839340522282,4.630812578874845,False,1.0,6.872261404358198,3212,8.58334152617747
1664,166.3998336,3251,truck,-351.921369692626,4.64442797534025,False,1.0,6.083104003171798,3212,9.221266203018398
1665,166.4998335,3251,truck,-351.00489610995317,4.665244594560093,False,1.0,5.803571569732526,3212,9.10928534600982
1666,166.5998334,3251,truck,-350.06039199961543,4.684730792924129,False,1.0,5.6883809227330175,3212,9.381571965820058
1667,166.6998333,3251,truck,-349.14944730518096,4.689310620021412,False,1.0,5.598452996820413,3212,9.489488482167385
1668,166.7998332,3251,truck,-348.1829497972045,4.700032135686637,False,1.0,5.604912734942047,3212,9.622429480081632
1669,166.8998331,3251,truck,-347.1961978334552,4.716825822618593,False,1.0,5.602217746674057,3212,9.81677812200426
1670,166.999833,3251,truck,-346.24058897644517,4.733609722876405,False,1.0,7.003444485514365,3212,9.947038500912496
1671,167.0998329,3251,truck,-345.2022792754714,4.755409245803987,False,1.0,6.153954996246455,3212,10.138821600777158
1672,167.1998328,3251,truck,-344.1907917240989,4.767569531215383,False,1.0,5.876838207017045,3212,10.44726597725436
1673,167.2998327,3251,bus,-343.19457682441293,4.793695511164888,False,1.0,5.842867332345691,3212,10.671275278193637
1674,167.3998326,3251,truck,-342.0457593442909,4.803100670591468,False,1.0,5.704583473087894,3212,10.864736007087668
1675,167.4998325,3251,truck,-340.94377193562065,4.852478412815783,False,1.0,5.711997649854993,3212,11.11582895863254
1676,167.5998324,3251,truck,-339.8278317093775,4.832606919028771,False,1.0,5.640555016629719,3212,11.390735817450842
1677,167.6998323,3251,truck,-338.7005141478412,4.871686270524966,False,1.0,5.714800646318338,3212,11.69536747239817
1678,167.7998322,3251,truck,-337.56903655786726,4.885901668653895,False,1.0,7.2950338610535255,3212,12.024447170898394
1679,167.8998321,3251,truck,-336.28057518412174,4.95839959662375,False,1.0,7.943777967051346,3212,12.391451840238437
1680,167.999832,3251,truck,-335.01360031875913,4.97214302252194,False,1.0,6.6510444704586575,3212,12.836022350161766
1681,168.0998319,3251,truck,-333.7335681797875,5.006074345038879,False,1.0,7.6995875694780125,3212,13.19813001757371
1682,168.1998318,3251,truck,-332.4033382286443,4.998228619357248,False,1.0,8.138631126695145,3212,13.51073261753818
1683,168.2998317,3251,truck,-331.03020296292476,5.02281855329143,False,1.0,6.5224166401828825,3212,13.855796837321186
1684,168.3998316,3251,truck,-329.621291959621,5.0428844362603,False,1.0,7.690638686871523,3212,14.231302909010868
1685,168.4998315,3251,truck,-328.16216443645425,5.063176394421856,False,1.0,8.155763748398101,3212,14.716597152159885
1686,168.5998314,3251,truck,-326.7292210805678,5.107930857579763,False,1.0,6.526185322887727,3212,15.166822423302397
1687,168.6998313,3251,truck,-325.1763966501561,5.1366855794966595,False,1.0,7.669303239133228,3212,15.541094410522959
1688,168.7998312,3251,truck,-323.54056210585003,5.176224782695796,False,1.0,8.075026701060153,3212,16.098446197745194
1689,168.8998311,3251,truck,-321.9441255602155,5.186715774562601,False,1.0,8.336827813613866,3212,16.706741189476215
1690,168.999831,3251,truck,-320.2982519664312,5.234409390096361,False,1.0,6.298718724503317,3212,17.18064513901509
1691,169.0998309,3251,truck,-318.49470345129174,5.292949898748059,False,1.0,5.447490642052173,3212,17.688563397130245
1692,169.1998308,3251,truck,-316.70418979669694,5.285363722272217,False,1.0,5.224874793636218,3212,18.317136693515334
1693,169.2998307,3251,truck,-314.83214100093954,5.33165309142937,False,1.0,4.390211739331676,3212,18.473300862423788
1694,169.3998306,3251,truck,-312.9640009565592,5.423373881599452,False,1.0,3.2995675485277047,3212,19.15002158067333
1695,169.4998305,3251,car,-310.9612581937089,5.456244622418413,False,1.0,1.9101480973446314,3212,20.027447655950496
1716,171.59982839999998,3437,truck,-312.5422028928968,10.325374798599768,False,2.0,,,
1717,171.69982829999998,3444,bus,-374.0356133729454,29.933971296878003,False,,,,0.8458478111300577
1723,172.29982769999998,3444,bus,-373.52810519377607,27.168015799683246,False,,,,-0.06480365148354394
1724,172.39982759999998,3444,bus,-373.49264887100793,26.765221262884094,False,,,,1.9263441327748296
1725,172.49982749999998,3444,bus,-373.3716547203543,26.272073323115347,False,,,,1.1448507024003902
1726,172.59982739999998,3444,bus,-373.3207931501335,25.84183909703242,False,,,,-1.3214392074361285
1733,173.29982669999998,3444,bus,-372.00098182717784,22.730795125054268,False,,,,1.8854466325261598
1728,172.79982719999998,3501,truck,-358.9496436878595,5.377421994984032,False,1.0,,,
1779,177.8998221,3671,truck,-363.55336733175164,5.349694588011641,False,1.0,,,
1780,177.999822,3676,car,-358.19768067426924,40.243812464143986,False,,,,-4.558328004743777
1781,178.0998219,3676,car,-358.6535130189108,40.42701639532687,False,,,,-4.391133694769607
1789,178.8998211,3676,car,-362.43778137017586,40.13337597223234,False,,,,-10.31352648228858
1790,178.999821,3676,car,-362.9563179981638,40.01993897122195,False,,,,-11.264275615736551
1791,179.0998209,3676,car,-363.2365766786302,40.04711427579712,False,,,,-8.057888649836286
1792,179.1998208,3676,car,-363.8081850091104,40.00052264565303,False,,,,-4.756575012536814
1793,179.2998207,3676,car,-364.3072730355309,39.89323998594012,False,,,,-5.025357812771517
1794,179.3998206,3676,car,-364.84190194550365,39.74753132999812,False,,,,-5.041139087555393
1795,179.4998205,3676,car,-365.30876767879784,39.723246747997784,False,,,,-5.371796844493247
1796,179.5998204,3676,car,-365.9094797854098,39.725651598139116,False,,,,-6.007127073246852
1781,178.0998219,3677,bus,-362.88586522962004,5.341306905715474,False,1.0,,,2.995321758454424
1782,178.1998218,3677,truck,-362.58633335330677,5.344958315891603,False,1.0,,,4.741850705084664
1783,178.2998217,3677,truck,-362.05904122421055,5.3620250975261845,False,1.0,,,6.047009447229353
1784,178.3998216,3677,truck,-361.42353638468006,5.392907170484652,False,1.0,,,6.024146291655486
1785,178.4998215,3677,truck,-360.73270399304874,5.409993416159986,False,1.0,56.79930928157597,3711,6.618765134489442
1786,178.5998214,3677,truck,-360.08304841106775,5.437479129165612,False,1.0,,,6.919624777385203
1787,178.6998213,3677,truck,-359.3650099043497,5.467838527775558,False,1.0,,,7.101220156293994
1788,178.7998212,3677,truck,-358.66160615744326,5.499481923467964,False,1.0,,,7.267078834856451
1789,178.8998211,3677,truck,-357.90135359368725,5.5093530859347,False,1.0,14.720398574820308,3741,7.43026549721109
1790,178.999821,3677,truck,-357.153673728968,5.548249564680896,False,1.0,14.950878204690696,3741,7.586742930153194
1791,179.0998209,3677,truck,-356.3950071073707,5.5735565952857025,False,1.0,,,7.727763448396385
1792,179.1998208,3677,truck,-355.62279314110083,5.594436708898671,False,1.0,,,7.826274347131005
1793,179.2998207,3677,truck,-354.81708757728177,5.613488004649657,False,1.0,,,7.94511541390751
1794,179.3998206,3677,truck,-354.0181164532157,5.622369910054334,False,1.0,,,8.132421042902173
1795,179.4998205,3677,truck,-353.21064434858306,5.66054506563315,False,1.0,,,8.29963361388839
1796,179.5998204,3677,truck,-352.3929290189636,5.693522558976891,False,1.0,,,8.42229955911281
1797,179.6998203,3677,truck,-351.4924583190268,5.715949515985785,False,1.0,17.985083463236833,3813,8.52296832235362
1798,179.7998202,3677,truck,-350.647797085101,5.7254985491981865,False,1.0,,,8.68337422071644
1799,179.8998201,3677,truck,-349.76511580858306,5.779649361223878,False,1.0,,,8.826821592000854
1785,178.4998215,3711,bus,-303.9333947114728,4.09433454600138,False,1.0,,,
1789,178.8998211,3741,truck,-343.18095501886694,4.821632536340752,False,1.0,,,9.781604727501175
1790,178.999821,3741,bus,-342.2027955242773,4.859994058013373,False,1.0,,,9.781604727501175
1797,179.6998203,3813,truck,-333.50737485579,4.9701484354447665,False,1.0,,,
